timestamp,datetime,ax,ay,az,gx,gy,gz,temp,bpm,spo2,finger_detected,fall_predicted,fall_confidence,accel_magnitude,gyro_magnitude
1759820413.083,2025-10-07 08:00:13.083,0.0671,0.0242,0.8804,2.3511,-0.1145,-2.5496,40.53,0,,False,False,1.0,0.883,3.47
1759820413.24,2025-10-07 08:00:13.240,0.0688,0.0229,0.877,2.5344,-0.1603,-2.6489,40.39,0,,False,False,1.0,0.88,3.67
1759820413.409,2025-10-07 08:00:13.408,0.0688,0.0188,0.8838,2.3206,0.0611,-2.6718,40.44,0,,False,False,1.0,0.887,3.539
1759820413.564,2025-10-07 08:00:13.563,0.0696,0.0212,0.8735,2.2672,-0.1679,-2.6794,40.15,0,,False,False,1.0,0.877,3.514
1759820413.722,2025-10-07 08:00:13.721,0.0691,0.0208,0.8809,2.6794,-0.1374,-2.5496,40.44,0,,False,False,1.0,0.884,3.701
1759820413.89,2025-10-07 08:00:13.890,0.0703,0.0215,0.8833,2.3282,-0.145,-2.626,40.06,0,,False,False,1.0,0.886,3.512
1759820414.043,2025-10-07 08:00:14.043,0.0715,0.0217,0.8738,2.5802,-0.1298,-2.5573,40.34,0,,False,False,1.0,0.877,3.635
1759820414.202,2025-10-07 08:00:14.202,0.0686,0.0186,0.8682,2.5725,-0.5802,-2.8321,40.39,0,,False,False,1.0,0.871,3.87
1759820414.357,2025-10-07 08:00:14.356,0.0684,0.0205,0.875,2.4046,-0.2443,-2.6031,40.25,0,,False,False,1.0,0.878,3.552
1759820414.498,2025-10-07 08:00:14.497,0.0686,0.0193,0.874,2.374,-0.0763,-2.5573,40.44,0,,False,False,1.0,0.877,3.49
1759820414.652,2025-10-07 08:00:14.651,0.0691,0.0232,0.8748,2.3969,-0.0916,-2.8244,40.34,0,,False,False,1.0,0.878,3.706
1759820414.809,2025-10-07 08:00:14.808,0.0701,0.0168,0.8787,2.2061,-0.145,-2.626,40.44,0,,False,False,0.99,0.882,3.433
1759820414.963,2025-10-07 08:00:14.962,0.0703,0.022,0.8767,2.5496,-0.0382,-2.6489,40.34,0,,False,False,1.0,0.88,3.677
1759820415.122,2025-10-07 08:00:15.121,0.0693,0.0239,0.8811,2.5191,-0.2748,-2.5649,40.34,0,,False,False,1.0,0.884,3.606
1759820415.293,2025-10-07 08:00:15.293,0.0676,0.0229,0.8838,2.6489,-0.3588,-2.7328,40.39,0,,False,False,1.0,0.887,3.823
1759820415.448,2025-10-07 08:00:15.448,0.0681,0.0203,0.8792,2.3511,-0.2824,-2.8397,40.34,0,,False,False,1.0,0.882,3.697
1759820415.604,2025-10-07 08:00:15.603,0.0688,0.0159,0.8772,2.6641,-0.2214,-2.8244,40.39,0,,False,False,1.0,0.88,3.889
1759820415.795,2025-10-07 08:00:15.794,0.0688,0.0222,0.8743,2.5725,-0.2519,-2.5725,40.34,0,,False,False,1.0,0.877,3.647
1759820415.971,2025-10-07 08:00:15.970,0.0669,0.0203,0.8684,2.5878,-0.1069,-2.5573,40.06,0,,False,False,1.0,0.871,3.64
1759820416.145,2025-10-07 08:00:16.144,0.042,0.0935,0.8936,2.687,-10.4733,-4.7863,40.39,0,,False,False,1.0,0.899,11.824
1759820416.314,2025-10-07 08:00:16.313,-0.0444,-0.2639,0.687,6.3969,25.4885,9.4275,40.39,0,,False,False,0.96,0.737,27.919
1759820416.522,2025-10-07 08:00:16.522,0.0378,0.1877,0.8625,1.4809,3.6183,-26.1298,40.2,0,,False,False,1.0,0.883,26.421
1759820416.698,2025-10-07 08:00:16.697,0.061,-0.1104,0.8718,3.1145,5.3664,4.4962,40.01,0,,False,False,1.0,0.881,7.663
1759820416.878,2025-10-07 08:00:16.877,0.0161,0.2129,0.9302,1.7099,6.4351,-18.2824,40.15,0,,False,False,1.0,0.954,19.457
1759820417.067,2025-10-07 08:00:17.066,0.1113,-0.1089,0.8684,3.9542,4.5573,26.3893,40.34,0,,False,False,1.0,0.882,27.07
1759820417.247,2025-10-07 08:00:17.247,0.0081,0.0122,0.8435,6.1985,44.4656,-24.771,40.44,0,,False,False,1.0,0.844,51.276
1759820417.408,2025-10-07 08:00:17.408,-0.0603,0.0378,0.8625,-3.9542,-0.5191,-3.2214,40.44,0,,False,False,1.0,0.865,5.127
1759820417.577,2025-10-07 08:00:17.576,-0.0623,0.0032,0.8213,7.1069,-2.5954,-4.6412,40.25,0,,False,False,1.0,0.824,8.876
1759820417.78,2025-10-07 08:00:17.779,-0.0542,0.0315,0.8979,-1.0534,12.1832,1.0,40.25,0,,False,False,0.99,0.9,12.269
1759820417.935,2025-10-07 08:00:17.934,-0.0254,0.0251,0.7202,12.229,-18.855,-1.916,40.34,0,,False,False,1.0,0.721,22.555
1759820418.091,2025-10-07 08:00:18.090,-0.0352,0.0581,0.8708,-18.5115,-56.0153,-9.3588,40.06,0,,False,False,1.0,0.873,59.733
1759820418.246,2025-10-07 08:00:18.245,-0.0466,0.0229,0.8792,9.0534,-11.5725,0.9618,40.25,0,,False,False,1.0,0.881,14.725
1759820418.4,2025-10-07 08:00:18.399,-0.01,0.0386,0.7986,-1.4809,8.2977,-8.8702,40.2,0,,False,False,0.95,0.8,12.236
1759820418.561,2025-10-07 08:00:18.560,-0.032,0.0454,0.988,-5.3206,31.4198,-3.313,40.2,0,,False,False,0.93,0.99,32.039
1759820418.719,2025-10-07 08:00:18.718,0.0027,0.0398,0.7517,13.8702,4.7863,-4.4046,40.25,0,,False,False,0.97,0.753,15.32
1759820418.861,2025-10-07 08:00:18.860,0.0071,0.0283,1.1187,-7.9389,49.8702,-3.8244,40.25,0,,False,True,0.59,1.119,50.643
1759820419.014,2025-10-07 08:00:19.013,0.0142,0.0342,0.7371,10.2366,-3.8321,-2.5725,40.34,0,,False,False,0.8,0.738,11.229
1759820419.165,2025-10-07 08:00:19.165,-0.0115,0.0325,0.9412,-3.2824,2.9466,-5.4046,40.25,0,,False,False,0.98,0.942,6.976
1759820419.317,2025-10-07 08:00:19.316,-0.02,0.0173,0.8767,3.2595,-0.6641,-1.2214,40.39,0,,False,False,0.95,0.877,3.544
1759820419.476,2025-10-07 08:00:19.476,-0.0164,0.0195,0.8809,-1.0458,2.3206,-4.5573,40.53,0,,False,False,1.0,0.881,5.22
1759820419.639,2025-10-07 08:00:19.639,-0.02,0.0054,0.8811,3.8092,1.9847,-1.8779,40.34,0,,False,False,1.0,0.881,4.688
1759820419.798,2025-10-07 08:00:19.798,-0.0144,0.0317,0.8794,13.1679,0.9542,0.7252,40.2,0,,False,False,1.0,0.88,13.222
1759820419.933,2025-10-07 08:00:19.933,-0.033,0.0879,0.8677,27.7099,0.916,3.8092,40.34,0,,False,False,1.0,0.873,27.985
1759820420.107,2025-10-07 08:00:20.107,-0.0261,0.1284,0.9275,6.1832,0.626,-3.0611,40.25,0,,False,False,0.98,0.937,6.928
1759820420.268,2025-10-07 08:00:20.267,-0.0332,0.0732,0.8538,-57.2519,20.313,-7.6947,40.44,0,,False,False,1.0,0.858,61.234
1759820420.438,2025-10-07 08:00:20.437,-0.4131,0.0498,1.0337,38.2748,-17.0305,15.2519,40.39,0,,False,False,0.54,1.114,44.583
1759820420.607,2025-10-07 08:00:20.606,-0.0474,-0.0288,0.9216,1.8779,-15.0916,-3.7634,40.2,0,,False,False,0.98,0.923,15.667
1759820420.761,2025-10-07 08:00:20.760,0.0676,0.0151,0.8745,2.2824,-1.3359,-2.7481,40.25,0,,False,False,0.87,0.877,3.814
1759820420.92,2025-10-07 08:00:20.920,0.0676,0.02,0.8792,2.8626,0.2061,-2.7099,40.34,0,,False,False,1.0,0.882,3.947
1759820421.056,2025-10-07 08:00:21.055,0.0701,0.021,0.8726,2.7252,-0.1221,-2.5649,40.25,0,,False,False,1.0,0.876,3.744
1759820421.207,2025-10-07 08:00:21.207,0.0671,0.0188,0.8662,2.5496,0.8702,-2.7252,40.39,0,,False,False,1.0,0.869,3.832
1759820421.364,2025-10-07 08:00:21.363,0.0557,0.0208,0.8831,2.8626,-0.7023,-2.8015,40.06,0,,False,False,1.0,0.885,4.066
1759820421.515,2025-10-07 08:00:21.515,0.0674,0.0193,0.8789,2.458,-0.9389,-2.5344,40.39,0,,False,False,0.99,0.882,3.653
1759820421.679,2025-10-07 08:00:21.678,0.0735,0.0205,0.8962,2.5878,0.8626,-2.7252,40.25,0,,False,False,1.0,0.899,3.856
1759820421.814,2025-10-07 08:00:21.813,0.0684,0.0193,0.8765,2.5496,0.5191,-2.542,40.25,0,,False,False,1.0,0.879,3.638
1759820421.965,2025-10-07 08:00:21.965,0.0681,0.0203,0.8777,2.6031,-0.0076,-0.0076,40.06,0,,False,False,1.0,0.881,2.603
1759820422.12,2025-10-07 08:00:22.120,0.0686,0.02,0.8811,2.3282,-0.7939,-2.8092,40.2,0,,False,False,1.0,0.884,3.734
1759820422.276,2025-10-07 08:00:22.275,0.0642,0.0259,0.8779,2.6794,0.4275,-2.7786,40.2,0,,False,False,1.0,0.881,3.884
1759820422.436,2025-10-07 08:00:22.436,0.0583,0.0203,0.8743,2.3053,0.9618,-2.542,40.44,0,,False,False,1.0,0.876,3.564
1759820422.599,2025-10-07 08:00:22.598,0.0632,0.0173,0.8772,2.4275,2.3282,-2.9847,40.25,0,,False,False,1.0,0.88,4.497
1759820422.735,2025-10-07 08:00:22.735,0.0588,0.0205,0.8809,2.3817,0.8473,-2.7634,40.39,0,,False,False,1.0,0.883,3.745
1759820422.894,2025-10-07 08:00:22.894,0.0615,0.0229,0.8738,2.5038,-0.3893,-2.687,40.44,0,,False,False,1.0,0.876,3.693
1759820423.05,2025-10-07 08:00:23.049,0.0598,0.021,0.874,2.4504,0.0687,-2.9008,40.34,0,,False,False,1.0,0.876,3.798
1759820423.239,2025-10-07 08:00:23.238,0.061,0.0186,0.8762,2.3817,-0.3511,-2.6183,40.06,0,,False,False,1.0,0.879,3.557
1759820423.427,2025-10-07 08:00:23.427,0.0532,0.0186,0.8804,2.6336,-0.145,-2.7023,40.39,0,,False,False,1.0,0.882,3.776
1759820423.61,2025-10-07 08:00:23.610,0.0583,0.022,0.8806,2.2595,0.0382,-2.7252,40.15,214.0,,True,False,1.0,0.883,3.54
1759820423.795,2025-10-07 08:00:23.794,0.0574,0.0249,0.8711,2.4275,-0.4656,-2.6565,40.67,250.0,,True,False,1.0,0.873,3.629
1759820423.965,2025-10-07 08:00:23.964,0.0576,0.0261,0.8765,2.5267,-0.6947,-2.6641,40.25,250.0,,True,False,1.0,0.879,3.737
1759820424.16,2025-10-07 08:00:24.159,0.0586,0.019,0.8745,2.6336,-0.2519,-2.8321,40.01,250.0,,True,False,1.0,0.877,3.876
1759820424.335,2025-10-07 08:00:24.335,0.0574,0.0193,0.8696,2.3588,0.1069,-2.8855,40.39,287.5,,True,False,1.0,0.872,3.728
1759820424.486,2025-10-07 08:00:24.485,0.0532,0.019,0.8806,2.6031,0.2137,-2.5649,40.39,232.0,,True,False,1.0,0.882,3.661
1759820424.679,2025-10-07 08:00:24.678,0.0562,0.0181,0.8826,2.4962,1.9542,-2.9084,40.25,300.0,,True,False,1.0,0.885,4.302
1759820424.862,2025-10-07 08:00:24.861,0.0481,0.02,0.8799,2.1603,-0.7557,-4.6107,40.39,300.0,,True,False,1.0,0.881,5.147
1759820425.035,2025-10-07 08:00:25.035,0.0442,0.019,0.8833,2.3359,0.7328,-3.2061,40.25,300.0,,True,False,1.0,0.885,4.034
1759820425.224,2025-10-07 08:00:25.224,0.0562,0.0217,0.8838,2.4046,-0.5649,-2.5038,40.39,300.0,,True,False,1.0,0.886,3.517
1759820425.401,2025-10-07 08:00:25.401,0.0569,0.0193,0.8752,2.4275,0.0992,-2.8015,40.34,300.0,,True,False,1.0,0.877,3.708
1759820425.589,2025-10-07 08:00:25.589,0.0596,0.0242,0.873,2.5725,0.1221,-2.5267,40.15,300.0,,True,False,1.0,0.875,3.608
1759820425.759,2025-10-07 08:00:25.759,0.0583,0.0178,0.8691,2.5725,0.0229,-2.6641,40.34,300.0,,True,False,1.0,0.871,3.703
1759820425.945,2025-10-07 08:00:25.945,0.0588,0.0195,0.8777,2.6031,-0.4809,-2.7557,40.25,300.0,,True,False,1.0,0.88,3.821
1759820426.117,2025-10-07 08:00:26.117,0.054,0.0222,0.8745,2.3969,-0.0992,-2.8931,40.39,300.0,,True,False,1.0,0.876,3.758
1759820426.3,2025-10-07 08:00:26.300,0.0588,0.0198,0.8735,2.7557,-0.3282,-2.8092,40.2,300.0,,True,False,1.0,0.876,3.949
1759820426.489,2025-10-07 08:00:26.488,0.051,0.0181,0.8743,2.5115,-0.1069,-2.6183,40.39,190.0,,True,False,1.0,0.876,3.63
1759820426.679,2025-10-07 08:00:26.679,0.0562,0.0195,0.8811,2.3588,0.0229,-2.5267,40.2,193.75,,True,False,1.0,0.883,3.457
1759820426.856,2025-10-07 08:00:26.855,0.0564,0.0183,0.8835,2.3511,-0.145,-2.7634,40.34,154.0,,True,False,1.0,0.885,3.631
1759820427.014,2025-10-07 08:00:27.014,0.0537,0.0229,0.8779,2.458,-0.2214,-2.916,40.25,150.0,,True,False,1.0,0.88,3.82
1759820427.195,2025-10-07 08:00:27.195,0.0552,0.0188,0.8789,2.5954,-0.2824,-2.5649,40.06,162.0,,True,False,1.0,0.881,3.66
1759820427.366,2025-10-07 08:00:27.365,0.0552,0.0198,0.8752,2.4885,-0.1298,-2.916,40.25,146.5,,True,False,1.0,0.877,3.836
1759820427.553,2025-10-07 08:00:27.553,0.0549,0.0232,0.8838,2.6412,-0.3588,-2.687,40.15,143.5,,True,False,1.0,0.886,3.785
1759820427.742,2025-10-07 08:00:27.742,0.0581,0.0208,0.8784,2.5344,-0.3817,-2.7481,40.34,154.0,,True,False,1.0,0.881,3.758
1759820427.924,2025-10-07 08:00:27.924,0.0566,0.0239,0.8789,2.4504,0.1069,-2.7405,40.15,125.0,,True,False,1.0,0.881,3.678
1759820428.106,2025-10-07 08:00:28.106,0.0579,0.0208,0.8887,2.626,-0.1985,-2.7023,40.34,120.0,,True,False,1.0,0.891,3.773
1759820428.278,2025-10-07 08:00:28.277,0.0579,0.0208,0.8831,2.4046,-0.2672,-2.7634,40.25,133.25,,True,False,1.0,0.885,3.673
1759820428.456,2025-10-07 08:00:28.456,0.0549,0.0193,0.877,2.5878,-0.5802,-2.6565,40.25,139.5,,True,False,1.0,0.879,3.754
1759820428.637,2025-10-07 08:00:28.636,0.0542,0.0183,0.8745,2.3435,0.0076,-2.4885,40.44,150.0,,True,False,1.0,0.876,3.418
1759820428.804,2025-10-07 08:00:28.804,0.0532,0.0208,0.8774,2.5496,-0.0763,-2.5954,40.44,158.0,,True,False,1.0,0.879,3.639
1759820428.989,2025-10-07 08:00:28.988,0.0552,0.019,0.8765,2.5573,0.0611,-2.5802,40.25,154.0,,True,False,1.0,0.878,3.633
1759820429.165,2025-10-07 08:00:29.164,0.0552,0.0212,0.8804,2.3435,-0.3588,-2.542,40.25,186.0,,True,False,1.0,0.882,3.476
1759820429.354,2025-10-07 08:00:29.354,0.0601,0.0173,0.8755,2.4885,-0.0534,-2.7939,40.15,207.25,,True,False,1.0,0.878,3.742
1759820429.544,2025-10-07 08:00:29.543,0.0537,0.0198,0.8796,2.6107,-0.3817,-2.7863,40.44,176.5,,True,False,1.0,0.881,3.837
1759820429.723,2025-10-07 08:00:29.723,0.0488,0.0249,0.8755,2.458,0.0382,-2.7405,40.53,167.25,,True,False,1.0,0.877,3.682
1759820429.912,2025-10-07 08:00:29.912,0.0583,0.0203,0.8743,2.5115,-0.4809,-2.8397,39.92,176.5,,True,False,1.0,0.876,3.821
1759820430.073,2025-10-07 08:00:30.072,0.0513,0.0217,0.8853,2.4198,-0.5115,-2.5802,40.39,158.0,,True,False,1.0,0.887,3.574
1759820430.239,2025-10-07 08:00:30.238,0.0601,0.0178,0.8862,2.6947,3.6107,-2.5802,40.25,172.5,,True,False,1.0,0.888,5.192
1759820430.412,2025-10-07 08:00:30.412,0.0652,0.0237,0.8867,2.3817,-0.687,-2.855,40.25,197.5,,True,False,1.0,0.889,3.781
1759820430.605,2025-10-07 08:00:30.605,0.064,0.0237,0.8713,2.4733,-0.1679,-2.7557,40.25,197.5,,True,False,1.0,0.874,3.707
1759820430.79,2025-10-07 08:00:30.789,0.0586,0.02,0.876,2.6107,-0.5267,-2.6718,40.34,287.5,,True,False,1.0,0.878,3.772
1759820430.963,2025-10-07 08:00:30.962,0.0669,0.0183,0.8765,2.5038,-0.3817,-2.6336,40.2,159.25,,True,False,1.0,0.879,3.654
1759820431.124,2025-10-07 08:00:31.124,0.0715,0.0173,0.8811,2.6412,-0.1221,-2.6947,40.39,221.5,,True,False,1.0,0.884,3.775
1759820431.317,2025-10-07 08:00:31.316,0.0667,0.0166,0.8704,2.4809,-0.2061,-2.4656,40.39,200.5,,True,False,1.0,0.873,3.504
1759820431.475,2025-10-07 08:00:31.474,0.0681,0.0208,0.8779,2.2595,-0.2901,-2.5496,40.44,200.5,,True,False,1.0,0.881,3.419
1759820431.663,2025-10-07 08:00:31.663,0.0669,0.0176,0.8726,2.542,-0.1985,-2.9618,40.53,187.0,,True,False,1.0,0.875,3.908
1759820431.843,2025-10-07 08:00:31.842,0.0676,0.0215,0.8787,2.6183,0.0382,-2.7863,40.39,193.75,,True,False,1.0,0.882,3.824
1759820432.024,2025-10-07 08:00:32.024,0.0645,0.0181,0.8748,2.1679,0.0687,-2.6031,40.53,214.0,,True,False,1.0,0.877,3.388
1759820432.194,2025-10-07 08:00:32.193,0.0657,0.0205,0.8738,2.7252,-0.3817,-2.5878,40.34,232.0,,True,False,1.0,0.877,3.777
1759820432.384,2025-10-07 08:00:32.383,0.0647,0.0208,0.8782,2.4427,-0.1145,-2.771,40.25,214.0,,True,False,1.0,0.881,3.696
1759820432.564,2025-10-07 08:00:32.563,0.0662,0.0212,0.8816,2.5573,-0.2443,-2.626,40.25,232.0,,True,False,1.0,0.884,3.674
1759820432.767,2025-10-07 08:00:32.767,0.0664,0.0222,0.8691,2.4962,-0.1298,-2.7252,40.15,207.25,,True,False,1.0,0.872,3.698
1759820432.922,2025-10-07 08:00:32.922,0.0632,0.0215,0.8774,2.3664,-0.0687,-2.5878,40.25,207.25,,True,False,1.0,0.88,3.507
1759820433.077,2025-10-07 08:00:33.077,0.0647,0.0225,0.8821,2.229,0.0229,-2.7939,40.39,0,,False,False,1.0,0.885,3.574
1759820433.229,2025-10-07 08:00:33.229,0.0698,0.02,0.8794,2.4198,-0.1985,-2.3969,40.44,0,,False,False,1.0,0.882,3.412
1759820433.388,2025-10-07 08:00:33.387,0.0603,0.019,0.8894,2.2748,-0.3893,-2.5573,40.39,0,,False,False,1.0,0.892,3.445
1759820433.522,2025-10-07 08:00:33.522,0.0637,0.0173,0.8892,2.6336,-0.2061,-2.8015,40.06,0,,False,False,1.0,0.892,3.851
1759820433.674,2025-10-07 08:00:33.673,0.0679,0.021,0.8762,2.4504,-0.2748,-2.5115,40.01,0,,False,False,1.0,0.879,3.52
1759820433.831,2025-10-07 08:00:33.831,0.0632,0.022,0.8748,2.3053,-0.2061,-2.5802,40.53,0,,False,False,1.0,0.877,3.466
1759820433.966,2025-10-07 08:00:33.966,0.0657,0.019,0.8616,2.5038,-0.2137,-2.5344,40.25,0,,False,False,1.0,0.864,3.569
1759820434.119,2025-10-07 08:00:34.118,0.0667,0.0193,0.8716,2.4656,-0.2443,-2.5115,40.06,0,,False,False,0.99,0.874,3.528
1759820434.27,2025-10-07 08:00:34.269,0.0652,0.0203,0.8794,2.4885,-0.2824,-2.5344,40.25,0,,False,False,1.0,0.882,3.563
1759820434.429,2025-10-07 08:00:34.428,0.0625,0.0193,0.8743,2.3435,0.0611,-2.4504,40.39,0,,False,False,1.0,0.877,3.391
1759820434.564,2025-10-07 08:00:34.563,0.0642,0.0225,0.8762,2.4427,-0.1069,-2.6489,40.39,0,,False,False,1.0,0.879,3.605
1759820434.715,2025-10-07 08:00:34.714,0.0642,0.0203,0.8745,2.4427,-0.1069,-2.7481,40.44,0,,False,False,1.0,0.877,3.678
1759820434.92,2025-10-07 08:00:34.920,0.0664,0.0203,0.8625,2.9084,0.1527,-2.6718,40.34,0,,False,False,1.0,0.865,3.952
1759820435.112,2025-10-07 08:00:35.112,0.0674,0.0188,0.8779,2.5115,0.1908,-2.6107,40.34,0,,False,False,1.0,0.881,3.628
1759820435.303,2025-10-07 08:00:35.302,0.0669,0.0198,0.8743,2.4122,-0.0534,-2.687,40.25,0,,False,False,1.0,0.877,3.611
1759820435.479,2025-10-07 08:00:35.478,0.0671,0.0198,0.8872,2.4046,-0.0763,-2.4351,39.92,0,,False,False,1.0,0.89,3.423
1759820435.614,2025-10-07 08:00:35.614,0.0649,0.0178,0.8816,2.2901,-0.0611,-2.7863,40.25,0,,False,False,1.0,0.884,3.607
1759820435.767,2025-10-07 08:00:35.766,0.0647,0.0232,0.8806,2.5267,0.0153,-2.7405,40.39,0,,False,False,1.0,0.883,3.728
1759820435.964,2025-10-07 08:00:35.964,0.0701,0.0178,0.8762,2.1832,0.0763,-2.8397,40.2,0,,False,False,1.0,0.879,3.583
1759820436.159,2025-10-07 08:00:36.159,0.0649,0.019,0.8806,2.5878,-0.0305,-2.8015,40.06,0,,False,False,1.0,0.883,3.814
1759820436.318,2025-10-07 08:00:36.318,0.0676,0.0237,0.8774,2.5573,0.1145,-2.5802,40.25,0,,False,False,1.0,0.88,3.635
1759820436.471,2025-10-07 08:00:36.471,0.0676,0.0176,0.874,2.5878,0.0687,-2.7939,40.25,0,,False,False,1.0,0.877,3.809
1759820436.662,2025-10-07 08:00:36.662,0.0645,0.0212,0.8821,2.5878,-0.313,-2.7481,40.25,0,,False,False,1.0,0.885,3.788
1759820436.807,2025-10-07 08:00:36.806,0.0667,0.0188,0.8792,2.3435,0.0,-2.771,40.25,0,,False,False,1.0,0.882,3.629
1759820436.962,2025-10-07 08:00:36.961,0.0664,0.0178,0.8733,2.2672,-0.2748,-2.6718,40.25,0,,False,False,1.0,0.876,3.515
1759820437.156,2025-10-07 08:00:37.155,0.0676,0.0171,0.8721,2.7099,-0.1603,-2.6794,40.06,0,,False,False,1.0,0.875,3.814
1759820437.333,2025-10-07 08:00:37.333,0.0642,0.0237,0.8826,2.2672,-0.145,-2.7786,40.25,0,,False,False,1.0,0.885,3.589
1759820437.485,2025-10-07 08:00:37.484,0.0669,0.0232,0.8794,2.4198,-0.2824,-2.5954,40.06,0,,False,False,1.0,0.882,3.56
1759820437.636,2025-10-07 08:00:37.636,0.064,0.0173,0.8728,2.5267,0.1221,-2.687,40.25,0,,False,False,1.0,0.875,3.69
1759820437.794,2025-10-07 08:00:37.793,0.0679,0.0193,0.8706,2.5802,-0.145,-2.5802,40.15,0,,False,False,1.0,0.873,3.652
1759820437.954,2025-10-07 08:00:37.954,0.0664,0.0234,0.8826,2.2824,-0.2595,-2.7328,40.34,0,,False,False,1.0,0.885,3.57
1759820438.146,2025-10-07 08:00:38.145,0.064,0.0188,0.8733,2.4046,-0.0382,-2.7786,40.25,0,,False,False,1.0,0.876,3.675
1759820438.324,2025-10-07 08:00:38.324,0.062,0.0198,0.8762,2.687,0.1832,-2.8168,40.15,0,,False,False,1.0,0.879,3.897
1759820438.485,2025-10-07 08:00:38.485,0.0662,0.0212,0.877,2.5573,-0.0305,-2.8321,40.39,0,,False,False,1.0,0.88,3.816
1759820438.64,2025-10-07 08:00:38.639,0.0674,0.0173,0.8748,2.374,-0.374,-2.7863,40.25,0,,False,False,1.0,0.878,3.68
1759820438.791,2025-10-07 08:00:38.790,0.0654,0.022,0.8672,2.5649,0.0305,-2.7557,40.44,0,,False,False,1.0,0.87,3.765
1759820438.949,2025-10-07 08:00:38.948,0.0667,0.02,0.8792,2.687,-0.6183,-2.6794,40.2,0,,False,False,1.0,0.882,3.845
1759820439.084,2025-10-07 08:00:39.083,0.0713,0.0156,0.8723,2.5878,0.0,-2.7481,40.34,0,,False,False,1.0,0.875,3.775
1759820439.235,2025-10-07 08:00:39.235,0.0676,0.022,0.8794,2.3893,-0.2366,-2.6641,40.34,0,,False,False,1.0,0.882,3.586
1759820439.387,2025-10-07 08:00:39.387,0.0681,0.0178,0.873,2.4427,-0.0992,-2.6489,40.06,0,,False,False,1.0,0.876,3.605
1759820439.546,2025-10-07 08:00:39.545,0.0601,0.0205,0.8862,2.229,-0.3053,-2.855,40.2,0,,False,False,1.0,0.888,3.635
1759820439.68,2025-10-07 08:00:39.680,0.0703,0.0203,0.8779,2.4351,-0.374,-2.6336,40.25,0,,False,False,1.0,0.881,3.606
1759820439.831,2025-10-07 08:00:39.831,0.0684,0.02,0.8706,2.5954,-0.0916,-2.9313,40.15,0,,False,False,1.0,0.874,3.916
1759820439.99,2025-10-07 08:00:39.990,0.0654,0.02,0.8787,2.5344,-0.1908,-2.4656,40.25,0,,False,False,1.0,0.881,3.541
1759820440.159,2025-10-07 08:00:40.158,0.0649,0.0188,0.8857,2.3435,0.4427,-2.5267,40.34,0,,False,False,1.0,0.888,3.475
1759820440.31,2025-10-07 08:00:40.310,0.0645,0.0234,0.8796,2.458,-0.1908,-2.7023,40.34,0,,False,False,1.0,0.882,3.658
1759820440.469,2025-10-07 08:00:40.468,0.0662,0.0193,0.8762,2.5344,-0.1069,-2.5649,40.25,0,,False,False,1.0,0.879,3.607
1759820440.604,2025-10-07 08:00:40.603,0.0652,0.02,0.8772,2.5802,-0.3969,-2.8244,40.25,0,,False,False,1.0,0.88,3.846
1759820440.794,2025-10-07 08:00:40.794,0.0652,0.0208,0.8772,2.7481,-0.0382,-2.8168,40.15,0,,False,False,1.0,0.88,3.935
1759820440.95,2025-10-07 08:00:40.949,0.0664,0.0203,0.8518,2.3664,-0.5267,-2.458,40.15,0,,False,False,1.0,0.855,3.452
1759820441.177,2025-10-07 08:00:41.176,0.0659,0.0222,0.8616,2.4656,-0.1374,-2.8626,40.34,0,,False,False,1.0,0.864,3.781
1759820441.366,2025-10-07 08:00:41.365,0.0618,0.0198,0.8894,2.5267,-0.4962,-2.687,40.25,0,,False,False,1.0,0.892,3.722
1759820441.523,2025-10-07 08:00:41.523,0.0613,0.0198,0.8813,2.7405,-0.0992,-2.626,40.44,0,,False,False,1.0,0.884,3.797
1759820441.677,2025-10-07 08:00:41.677,0.0647,0.0225,0.8752,2.6565,-0.3053,-2.9847,40.34,0,,False,False,1.0,0.878,4.007
1759820441.829,2025-10-07 08:00:41.829,0.0696,0.0161,0.8694,2.5344,-0.1985,-2.7023,40.34,0,,False,False,1.0,0.872,3.71
1759820441.987,2025-10-07 08:00:41.987,0.0652,0.0227,0.8755,2.3206,-0.4122,-2.6336,40.15,0,,False,False,1.0,0.878,3.534
1759820442.137,2025-10-07 08:00:42.137,0.0667,0.0195,0.856,2.2519,-0.0458,-2.8244,40.25,0,,False,False,1.0,0.859,3.613
1759820442.371,2025-10-07 08:00:42.370,0.0674,0.0222,0.8706,2.6031,-0.0534,-2.9237,40.25,0,,False,False,1.0,0.873,3.915
1759820442.575,2025-10-07 08:00:42.575,0.0691,0.0227,0.876,2.4046,-0.2595,-2.6947,40.34,0,,False,False,1.0,0.879,3.621
1759820442.79,2025-10-07 08:00:42.789,0.0688,0.0205,0.8735,2.2519,-0.1374,-2.4504,40.25,0,,False,False,1.0,0.876,3.331
1759820442.947,2025-10-07 08:00:42.946,0.0671,0.0198,0.8762,2.3969,-0.2672,-2.5344,40.39,0,,False,False,1.0,0.879,3.499
1759820443.119,2025-10-07 08:00:43.119,0.0688,0.0237,0.8652,2.7481,0.0229,-2.8473,40.53,0,,False,False,1.0,0.868,3.957
1759820443.271,2025-10-07 08:00:43.271,0.0635,0.0225,0.8823,2.458,-0.1679,-2.7099,40.67,0,,False,False,1.0,0.885,3.662
1759820443.43,2025-10-07 08:00:43.429,0.0647,0.0208,0.8762,2.2748,0.229,-2.7252,40.44,0,,False,False,1.0,0.879,3.557
1759820443.599,2025-10-07 08:00:43.599,0.0664,0.0205,0.8691,2.4962,-0.1985,-2.8092,40.25,0,,False,False,1.0,0.872,3.763
1759820443.757,2025-10-07 08:00:43.757,0.0654,0.0217,0.885,2.4198,-0.1908,-2.7099,40.25,0,,False,False,1.0,0.888,3.638
1759820443.915,2025-10-07 08:00:43.915,0.0676,0.0251,0.875,2.5954,0.0534,-2.6489,40.53,0,,False,False,1.0,0.878,3.709
1759820444.071,2025-10-07 08:00:44.070,0.0659,0.0193,0.8774,2.4275,-0.2519,-2.7557,40.25,0,,False,False,1.0,0.88,3.681
1759820444.225,2025-10-07 08:00:44.224,0.0669,0.0217,0.8743,2.5878,-0.1069,-2.6031,40.25,0,,False,False,1.0,0.877,3.672
1759820444.383,2025-10-07 08:00:44.383,0.0688,0.0195,0.8704,2.626,-0.2901,-2.7863,40.25,0,,False,False,1.0,0.873,3.84
1759820444.533,2025-10-07 08:00:44.532,0.0637,0.0149,0.8586,2.855,-0.1756,-2.8702,40.15,0,,False,False,1.0,0.861,4.052
1759820444.676,2025-10-07 08:00:44.676,0.0669,0.0186,0.8748,2.5038,-0.1145,-2.7023,40.39,0,,False,False,1.0,0.878,3.686
1759820444.828,2025-10-07 08:00:44.827,0.0676,0.0193,0.8743,2.5725,0.0229,-2.6947,40.34,0,,False,False,1.0,0.877,3.726
1759820444.985,2025-10-07 08:00:44.985,0.0637,0.0225,0.8772,2.3359,0.2214,-2.7786,40.39,0,,False,False,1.0,0.88,3.637
1759820445.125,2025-10-07 08:00:45.124,0.0752,0.0266,0.8943,2.4504,0.5191,-2.3664,40.58,0,,False,False,1.0,0.898,3.446
1759820445.277,2025-10-07 08:00:45.276,0.0542,0.0269,0.877,0.9389,-0.7481,-5.7863,40.15,0,,False,False,0.99,0.879,5.91
1759820445.428,2025-10-07 08:00:45.428,0.0527,-0.0115,0.8667,-14.2901,10.5267,-12.687,40.25,0,,False,False,1.0,0.868,21.817
1759820445.586,2025-10-07 08:00:45.586,-0.0022,-0.0344,0.8188,9.9618,69.5954,-9.7557,40.39,0,,False,False,0.98,0.82,70.978
1759820445.721,2025-10-07 08:00:45.721,-0.1018,0.0352,0.8574,27.0687,9.4351,6.2748,40.2,0,,False,False,1.0,0.864,29.345
1759820445.872,2025-10-07 08:00:45.872,-0.1189,0.0989,0.863,41.0992,4.8931,6.0153,40.39,0,,False,False,1.0,0.877,41.824
1759820446.066,2025-10-07 08:00:46.066,-0.0444,0.2117,0.8516,18.0229,-23.0687,3.7405,40.2,0,,False,False,0.97,0.879,29.512
1759820446.225,2025-10-07 08:00:46.225,-0.0027,0.2288,0.8472,3.6718,-14.6489,0.9695,40.34,0,,False,False,1.0,0.878,15.133
1759820446.385,2025-10-07 08:00:46.385,-0.0081,0.218,0.8645,-3.7863,-10.0382,2.5267,40.44,0,,False,False,0.99,0.892,11.022
1759820446.521,2025-10-07 08:00:46.520,0.0732,0.1387,1.3079,-58.8626,54.2061,0.0916,40.06,0,,False,False,0.64,1.317,80.019
1759820446.672,2025-10-07 08:00:46.672,-0.05,0.1035,0.866,5.2748,-10.687,-10.0916,40.25,0,,False,False,0.91,0.874,15.617
1759820446.824,2025-10-07 08:00:46.823,-0.0786,0.0859,0.822,-2.7786,18.229,-10.7405,40.25,0,,False,False,1.0,0.83,21.34
1759820446.983,2025-10-07 08:00:46.983,-0.0383,0.0884,0.8806,0.1374,6.9542,-8.2824,40.25,0,,False,False,0.92,0.886,10.816
1759820447.118,2025-10-07 08:00:47.118,-0.0398,0.0684,0.8721,-14.4198,3.2214,-7.0687,40.2,0,,False,False,1.0,0.876,16.379
1759820447.27,2025-10-07 08:00:47.270,-0.0198,0.073,0.8752,3.1374,-17.0153,-4.6718,40.34,0,,False,False,1.0,0.878,17.922
1759820447.428,2025-10-07 08:00:47.427,0.0356,0.0752,0.8801,5.8931,-22.5191,-2.8626,40.06,0,,False,False,1.0,0.884,23.453
1759820447.563,2025-10-07 08:00:47.562,0.0681,0.0776,0.863,2.0687,0.9695,-2.916,40.25,0,,False,False,1.0,0.869,3.704
1759820447.714,2025-10-07 08:00:47.714,0.0779,0.0745,0.8557,0.8779,9.2824,-1.1298,40.34,0,,False,False,1.0,0.862,9.392
1759820447.866,2025-10-07 08:00:47.865,0.0115,0.0715,0.8696,-2.1603,23.2977,-2.2824,40.25,0,,False,False,1.0,0.873,23.509
1759820448.025,2025-10-07 08:00:48.025,-0.0249,0.0217,0.8638,4.9618,7.2901,-3.6947,40.34,0,,False,False,0.99,0.864,9.561
1759820448.197,2025-10-07 08:00:48.196,-0.0435,0.0813,0.8818,1.9466,13.8092,-3.3206,40.44,0,,False,False,1.0,0.887,14.336
1759820448.351,2025-10-07 08:00:48.350,-0.0964,0.0735,0.874,2.9542,1.687,-5.1832,40.25,0,,False,False,1.0,0.882,6.2
1759820448.508,2025-10-07 08:00:48.508,-0.0972,0.0684,0.8677,0.0229,4.3435,-3.1985,40.15,0,,False,False,1.0,0.876,5.394
1759820448.662,2025-10-07 08:00:48.661,-0.0962,0.0635,0.8748,0.0916,-1.2443,-1.5038,40.34,0,,False,False,1.0,0.882,1.954
1759820448.82,2025-10-07 08:00:48.820,-0.0737,0.0601,0.8628,1.2672,-13.542,-6.3588,40.25,0,,False,False,0.99,0.868,15.014
1759820448.956,2025-10-07 08:00:48.955,-0.0188,0.0591,0.8862,-0.0534,-3.7023,-2.8244,40.44,0,,False,False,0.98,0.888,4.657
1759820449.113,2025-10-07 08:00:49.112,0.0715,0.0742,0.8511,1.3817,2.5038,-1.8626,40.25,0,,False,False,1.0,0.857,3.413
1759820449.302,2025-10-07 08:00:49.301,0.1438,0.083,0.8562,4.9924,-46.6412,-2.2977,40.25,0,,False,False,1.0,0.872,46.964
1759820449.488,2025-10-07 08:00:49.487,0.2075,0.084,0.8359,2.9389,-8.4962,-2.3969,40.39,0,,False,False,0.99,0.865,9.304
1759820449.645,2025-10-07 08:00:49.645,0.2329,0.0845,0.8389,3.1145,-12.3511,-2.4046,40.39,0,,False,False,1.0,0.875,12.963
1759820449.801,2025-10-07 08:00:49.801,0.24,0.0833,0.8423,2.4275,1.5725,-2.3511,40.39,0,,False,False,0.98,0.88,3.727
1759820449.956,2025-10-07 08:00:49.955,0.2229,0.0857,0.8557,1.9771,8.7863,-2.9924,40.39,0,,False,False,1.0,0.888,9.49
1759820450.107,2025-10-07 08:00:50.106,0.176,0.0872,0.8293,0.9542,40.7252,-2.5649,40.25,0,,False,False,1.0,0.852,40.817
1759820450.26,2025-10-07 08:00:50.259,0.0796,0.0762,0.8501,2.5038,1.7099,-3.4046,40.25,0,,False,False,0.97,0.857,4.559
1759820450.419,2025-10-07 08:00:50.419,0.041,0.0708,0.8806,0.9847,8.6336,-3.5115,40.2,0,,False,False,1.0,0.884,9.372
1759820450.554,2025-10-07 08:00:50.554,-0.0266,0.0559,0.9014,-5.3359,27.5573,-1.3053,40.15,0,,False,False,1.0,0.904,28.099
1759820450.711,2025-10-07 08:00:50.710,-0.0232,0.0576,0.8782,-0.3053,3.6412,-0.3588,40.15,0,,False,False,1.0,0.88,3.672
1759820450.862,2025-10-07 08:00:50.862,-0.0249,0.0513,0.8784,2.5649,0.0992,-3.2595,40.44,0,,False,False,1.0,0.88,4.149
1759820451.019,2025-10-07 08:00:51.019,-0.0518,0.0701,0.873,2.3206,19.7176,-3.2748,40.25,0,,False,False,1.0,0.877,20.122
1759820451.158,2025-10-07 08:00:51.158,-0.0789,0.0486,0.8752,2.8702,-5.6565,-4.1985,40.34,0,,False,False,0.97,0.88,7.607
1759820451.31,2025-10-07 08:00:51.309,-0.0129,0.054,0.8721,-6.1069,-1.1679,-0.9771,40.34,0,,False,False,1.0,0.874,6.294
1759820451.461,2025-10-07 08:00:51.461,-0.0229,0.0452,0.8894,7.626,-19.3053,-2.2824,40.44,0,,False,False,1.0,0.891,20.882
1759820451.62,2025-10-07 08:00:51.619,0.0662,0.0684,0.8682,4.3435,0.6031,-2.8702,40.34,0,,False,False,1.0,0.873,5.241
1759820451.756,2025-10-07 08:00:51.756,0.0752,0.0774,0.8452,3.3969,11.0076,-2.0992,40.34,0,,False,False,0.99,0.852,11.71
1759820451.908,2025-10-07 08:00:51.907,0.0996,0.084,0.8623,4.2366,-14.0382,-5.2443,40.2,0,,False,False,1.0,0.872,15.573
1759820452.059,2025-10-07 08:00:52.059,0.0632,0.0745,0.874,0.9847,5.4427,-7.2901,40.25,0,,False,False,1.0,0.879,9.151
1759820452.252,2025-10-07 08:00:52.251,0.0493,0.0623,0.8816,-0.916,4.7481,-2.0382,40.25,0,,False,False,1.0,0.885,5.248
1759820452.414,2025-10-07 08:00:52.413,0.0359,0.0461,0.8821,-5.0534,18.5954,-0.6565,40.25,0,,False,False,1.0,0.884,19.281
1759820452.594,2025-10-07 08:00:52.594,0.009,0.0481,0.8931,1.6794,-3.6794,-2.145,40.25,0,,False,False,0.99,0.894,4.578
1759820452.75,2025-10-07 08:00:52.749,0.0264,0.032,0.9006,2.3359,-1.1908,-2.7252,40.44,0,,False,False,1.0,0.902,3.782
1759820452.906,2025-10-07 08:00:52.905,0.0447,0.0261,0.8713,1.771,-6.8092,-2.0763,40.15,0,,False,False,1.0,0.873,7.336
1759820453.064,2025-10-07 08:00:53.064,0.0742,0.0317,0.8721,1.1832,-4.3817,-2.1832,40.25,0,,False,False,1.0,0.876,5.036
1759820453.199,2025-10-07 08:00:53.199,0.0967,0.0259,0.8901,1.9084,-1.2977,-5.4962,40.39,0,,False,False,1.0,0.896,5.961
1759820453.351,2025-10-07 08:00:53.350,0.0972,0.0244,0.8701,3.229,2.8626,-2.6031,40.25,0,,False,False,1.0,0.876,5.04
1759820453.502,2025-10-07 08:00:53.502,0.0935,0.0222,0.8665,2.626,-0.4275,-2.5954,40.25,0,,False,False,1.0,0.872,3.717
1759820453.661,2025-10-07 08:00:53.660,0.0957,0.0237,0.875,2.5496,0.1527,-2.8244,40.53,0,,False,False,1.0,0.881,3.808
1759820453.796,2025-10-07 08:00:53.796,0.0942,0.0186,0.874,2.5267,-0.0611,-2.7481,40.39,0,,False,False,1.0,0.879,3.734
1759820453.947,2025-10-07 08:00:53.947,0.0979,0.0183,0.8743,2.4885,-0.2672,-2.7099,40.39,0,,False,False,1.0,0.88,3.689
1759820454.102,2025-10-07 08:00:54.101,0.093,0.0217,0.8711,2.3817,-0.0611,-2.8168,40.06,0,,False,False,1.0,0.876,3.689
1759820454.293,2025-10-07 08:00:54.292,0.0889,0.0247,0.874,2.3359,-0.0916,-2.8626,40.34,0,,False,False,1.0,0.879,3.696
1759820454.47,2025-10-07 08:00:54.469,0.0981,0.0251,0.8789,2.4351,0.0076,-2.8168,40.34,0,,False,False,1.0,0.885,3.723
1759820454.643,2025-10-07 08:00:54.642,0.0962,0.0232,0.8662,2.4275,-0.0916,-2.8397,40.34,0,,False,False,1.0,0.872,3.737
1759820454.799,2025-10-07 08:00:54.798,0.0945,0.0247,0.8779,2.2748,-0.1069,-2.7099,40.39,0,,False,False,1.0,0.883,3.54
1759820454.984,2025-10-07 08:00:54.983,0.0913,0.0293,0.8704,2.6031,-0.2824,-2.8168,40.39,0,,False,False,1.0,0.876,3.846
1759820455.157,2025-10-07 08:00:55.157,0.0955,0.0203,0.8806,2.1908,0.0687,-2.7557,40.39,0,,False,False,1.0,0.886,3.521
1759820455.351,2025-10-07 08:00:55.351,0.0906,0.0234,0.8782,2.6336,-0.0763,-2.7557,40.2,0,,False,False,1.0,0.883,3.813
1759820455.503,2025-10-07 08:00:55.503,0.0947,0.021,0.8816,2.5573,-0.0153,-2.6489,40.06,0,,False,False,1.0,0.887,3.682
1759820455.662,2025-10-07 08:00:55.662,0.095,0.0259,0.8723,2.5038,-0.1679,-2.8397,40.25,0,,False,False,1.0,0.878,3.79
1759820455.798,2025-10-07 08:00:55.797,0.0935,0.0222,0.8755,2.4427,0.0076,-2.687,40.39,0,,False,False,1.0,0.881,3.631
1759820455.989,2025-10-07 08:00:55.989,0.0955,0.0234,0.8691,2.4733,0.0382,-2.7634,40.25,0,,False,False,0.99,0.875,3.709
1759820456.145,2025-10-07 08:00:56.144,0.0896,0.02,0.8748,2.5038,-0.2977,-2.6489,40.25,0,,False,False,1.0,0.88,3.657
1759820456.303,2025-10-07 08:00:56.303,0.0945,0.0198,0.8752,2.4504,-0.0458,-3.0382,40.34,0,,False,False,1.0,0.881,3.903
1759820456.462,2025-10-07 08:00:56.462,0.0923,0.0242,0.8787,2.4962,-0.0458,-2.3588,40.15,0,,False,False,1.0,0.884,3.435
1759820456.597,2025-10-07 08:00:56.596,0.0903,0.0242,0.8745,2.4122,-0.0534,-3.0,40.34,0,,False,False,1.0,0.879,3.85
1759820456.748,2025-10-07 08:00:56.747,0.0969,0.0271,0.874,2.3053,-0.2061,-2.6489,40.06,0,,False,False,1.0,0.88,3.518
1759820456.899,2025-10-07 08:00:56.899,0.0889,0.0215,0.8611,2.1679,0.1221,-2.771,40.15,0,,False,False,1.0,0.866,3.52
1759820457.082,2025-10-07 08:00:57.081,0.0957,0.0205,0.9072,2.4122,-0.0229,-2.6489,40.34,0,,False,False,1.0,0.912,3.583
1759820457.29,2025-10-07 08:00:57.289,0.0916,0.0269,0.8696,2.4504,-0.1908,-2.8397,40.39,0,,False,False,0.95,0.875,3.756
1759820457.44,2025-10-07 08:00:57.439,0.0928,0.0215,0.8757,2.3969,-0.3206,-2.7099,40.39,0,,False,False,1.0,0.881,3.632
1759820457.6,2025-10-07 08:00:57.600,0.0947,0.0239,0.8757,2.1374,-0.3282,-2.5267,40.25,0,,False,False,1.0,0.881,3.326
1759820457.759,2025-10-07 08:00:57.758,0.0928,0.0227,0.8743,2.2977,-0.2901,-2.6183,40.25,0,,False,False,1.0,0.88,3.496
1759820457.914,2025-10-07 08:00:57.914,0.092,0.0239,0.8735,2.4427,0.1298,-2.6947,40.25,0,,False,False,1.0,0.879,3.639
1759820458.069,2025-10-07 08:00:58.068,0.0959,0.0254,0.8784,2.5344,-0.1069,-2.7634,40.25,0,,False,False,1.0,0.884,3.751
1759820458.259,2025-10-07 08:00:58.259,0.0974,0.0237,0.8743,2.5573,-0.1679,-2.687,40.06,0,,False,False,1.0,0.88,3.713
1759820458.419,2025-10-07 08:00:58.418,0.0945,0.022,0.875,2.3664,-0.0534,-2.9542,40.34,0,,False,False,1.0,0.88,3.785
1759820458.554,2025-10-07 08:00:58.554,0.0925,0.0229,0.8679,2.5267,-0.0687,-2.5649,40.25,0,,False,False,1.0,0.873,3.601
1759820458.712,2025-10-07 08:00:58.712,0.0923,0.0266,0.8735,2.4504,-0.229,-2.4733,40.44,0,,False,False,1.0,0.879,3.489
1759820458.867,2025-10-07 08:00:58.867,0.0945,0.0237,0.8711,2.4122,-0.1908,-2.6641,40.39,0,,False,False,1.0,0.877,3.599
1759820459.024,2025-10-07 08:00:59.023,0.0947,0.0239,0.8806,2.5267,-0.145,-2.542,40.34,0,,False,False,1.0,0.886,3.587
1759820459.182,2025-10-07 08:00:59.181,0.0918,0.022,0.8774,2.4809,0.0076,-2.4733,40.15,0,,False,False,1.0,0.882,3.503
1759820459.337,2025-10-07 08:00:59.337,0.0942,0.0244,0.8762,2.5038,-0.1374,-2.6489,40.25,0,,False,False,1.0,0.882,3.648
1759820459.5,2025-10-07 08:00:59.499,0.0901,0.0239,0.8655,2.3817,-0.3588,-2.8397,40.39,0,,False,False,1.0,0.871,3.724
1759820459.673,2025-10-07 08:00:59.672,0.0947,0.0247,0.8745,2.6641,-0.0534,-2.8626,40.39,0,,False,False,1.0,0.88,3.911
1759820459.828,2025-10-07 08:00:59.828,0.0945,0.0234,0.8728,2.5649,-0.1298,-2.458,40.06,0,,False,False,1.0,0.878,3.555
1759820459.982,2025-10-07 08:00:59.982,0.0935,0.0239,0.8757,2.313,-0.2595,-2.6794,40.44,0,,False,False,1.0,0.881,3.549
1759820460.152,2025-10-07 08:01:00.152,0.0959,0.0251,0.8804,2.3664,-0.0382,-2.7328,40.25,0,,False,False,1.0,0.886,3.615
1759820460.342,2025-10-07 08:01:00.341,0.0908,0.0205,0.8772,2.6412,-0.1145,-2.6794,40.25,0,,False,False,1.0,0.882,3.764
1759820460.498,2025-10-07 08:01:00.497,0.094,0.0232,0.8745,2.7023,-0.2748,-2.7252,40.39,0,,False,False,1.0,0.88,3.848
1759820460.672,2025-10-07 08:01:00.672,0.0962,0.0239,0.874,2.7252,-0.1832,-2.626,40.01,0,,False,False,1.0,0.88,3.789
1759820460.824,2025-10-07 08:01:00.823,0.0938,0.0239,0.8733,2.5115,0.0458,-2.5725,40.34,0,,False,False,1.0,0.879,3.595
1759820460.979,2025-10-07 08:01:00.978,0.0913,0.0208,0.8782,2.6031,0.084,-2.687,40.25,0,,False,False,1.0,0.883,3.742
1759820461.138,2025-10-07 08:01:01.137,0.095,0.0232,0.8721,2.5115,-0.0992,-2.7176,40.25,0,,False,False,1.0,0.878,3.702
1759820461.272,2025-10-07 08:01:01.272,0.0972,0.0237,0.8699,2.5649,0.0382,-2.7252,40.39,0,,False,False,1.0,0.876,3.743
1759820461.429,2025-10-07 08:01:01.429,0.0911,0.0247,0.8767,2.5573,0.0916,-2.9542,40.25,0,,False,False,1.0,0.882,3.908
1759820461.581,2025-10-07 08:01:01.581,0.0938,0.0227,0.8792,2.6107,-0.1145,-2.9618,40.25,0,,False,False,1.0,0.884,3.95
1759820461.733,2025-10-07 08:01:01.732,0.0911,0.0261,0.8806,2.4885,-0.2672,-2.6794,40.25,0,,False,False,1.0,0.886,3.666
1759820461.896,2025-10-07 08:01:01.895,0.0913,0.0205,0.8669,2.374,-0.2824,-2.6489,40.25,0,,False,False,1.0,0.872,3.568
1759820462.056,2025-10-07 08:01:02.055,0.0947,0.0266,0.8704,2.5344,-0.0382,-2.626,40.44,0,,False,False,1.0,0.876,3.65
1759820462.191,2025-10-07 08:01:02.191,0.0986,0.0232,0.8708,2.4046,-0.1679,-2.8473,40.2,0,,False,False,1.0,0.877,3.731
1759820462.343,2025-10-07 08:01:02.343,0.0911,0.0212,0.8718,2.4275,-0.2595,-2.6336,40.34,0,,False,False,1.0,0.877,3.591
1759820462.495,2025-10-07 08:01:02.494,0.0906,0.0237,0.8708,2.5344,-0.1756,-2.5725,40.15,0,,False,False,1.0,0.876,3.615
1759820462.653,2025-10-07 08:01:02.652,0.094,0.0261,0.8765,2.6031,-0.0229,-2.687,40.2,0,,False,False,1.0,0.882,3.741
1759820462.788,2025-10-07 08:01:02.788,0.0923,0.0239,0.866,2.6489,0.2061,-2.6794,40.44,0,,False,False,1.0,0.871,3.773
1759820462.942,2025-10-07 08:01:02.942,0.0928,0.0239,0.8779,2.3817,-0.1298,-2.7328,40.15,0,,False,False,1.0,0.883,3.627
1759820463.094,2025-10-07 08:01:03.093,0.0906,0.0195,0.8743,2.5573,0.0687,-2.7863,40.34,0,,False,False,1.0,0.879,3.783
1759820463.252,2025-10-07 08:01:03.252,0.0928,0.0264,0.8796,2.4275,-0.0153,-2.8168,40.15,0,,False,False,1.0,0.885,3.719
1759820463.388,2025-10-07 08:01:03.387,0.0928,0.0261,0.8777,2.5573,-0.0916,-2.8855,40.34,0,,False,False,1.0,0.883,3.857
1759820463.54,2025-10-07 08:01:03.539,0.0933,0.0247,0.8708,2.6107,-0.1527,-2.5038,40.25,0,,False,False,1.0,0.876,3.621
1759820463.74,2025-10-07 08:01:03.740,0.0928,0.0215,0.8738,2.3511,0.1221,-2.6107,40.53,0,,False,False,1.0,0.879,3.515
1759820463.936,2025-10-07 08:01:03.935,0.0908,0.021,0.8699,2.5573,0.0076,-2.6718,40.2,0,,False,False,1.0,0.875,3.698
1759820464.097,2025-10-07 08:01:04.096,0.0928,0.0259,0.8792,2.3053,-0.1145,-2.458,40.25,0,,False,False,1.0,0.884,3.372
1759820464.256,2025-10-07 08:01:04.255,0.0938,0.0203,0.8723,2.374,-0.3282,-2.6031,40.58,0,,False,False,1.0,0.878,3.538
1759820464.417,2025-10-07 08:01:04.417,0.0942,0.021,0.8728,2.5649,-0.1985,-2.7634,40.25,0,,False,False,1.0,0.878,3.776
1759820464.568,2025-10-07 08:01:04.568,0.093,0.0234,0.8713,2.4733,-0.2748,-2.7252,40.34,0,,False,False,1.0,0.877,3.69
1759820464.729,2025-10-07 08:01:04.729,0.0938,0.0203,0.8777,2.5573,-0.4046,-2.6947,40.39,0,,False,False,1.0,0.883,3.737
1759820464.91,2025-10-07 08:01:04.909,0.0933,0.0217,0.8784,2.6947,-0.0992,-2.6489,40.15,0,,False,False,1.0,0.884,3.78
1759820465.07,2025-10-07 08:01:05.070,0.093,0.0261,0.8796,2.4733,-0.1679,-2.6565,40.01,0,,False,False,1.0,0.885,3.634
1759820465.239,2025-10-07 08:01:05.238,0.0945,0.0242,0.8723,2.3511,-0.1298,-2.6565,40.25,0,,False,False,1.0,0.878,3.55
1759820465.412,2025-10-07 08:01:05.412,0.0972,0.0237,0.8748,2.542,0.1298,-2.4885,40.25,0,,False,False,1.0,0.881,3.56
1759820465.6,2025-10-07 08:01:05.599,0.0918,0.0229,0.8684,2.5115,-0.2748,-2.542,40.34,0,,False,False,1.0,0.874,3.584
1759820465.757,2025-10-07 08:01:05.756,0.0938,0.021,0.875,2.4885,-0.4198,-2.5725,40.25,0,,False,False,1.0,0.88,3.604
1759820465.933,2025-10-07 08:01:05.933,0.0903,0.0286,0.8745,2.2901,-0.1298,-2.7176,40.25,0,,False,False,1.0,0.88,3.556
1759820466.088,2025-10-07 08:01:06.088,0.0955,0.0237,0.8704,2.2672,-0.0382,-2.8321,40.25,0,,False,False,1.0,0.876,3.628
1759820466.36,2025-10-07 08:01:06.359,0.0918,0.0203,0.8738,2.4351,-0.084,-2.855,40.2,0,,False,False,1.0,0.879,3.753
1759820466.597,2025-10-07 08:01:06.596,0.0957,0.0229,0.8823,2.4885,0.0763,-2.7405,40.15,0,,False,False,1.0,0.888,3.703
1759820466.771,2025-10-07 08:01:06.771,0.0906,0.0234,0.8726,2.4427,-0.084,-2.7099,40.06,0,,False,False,1.0,0.878,3.649
1759820467.046,2025-10-07 08:01:07.045,0.0986,0.0256,0.8699,2.2519,-0.0153,-2.4809,40.53,0,,False,False,1.0,0.876,3.351
1759820467.24,2025-10-07 08:01:07.239,0.0918,0.0251,0.8728,2.626,-0.2061,-2.7863,40.06,0,,False,False,1.0,0.878,3.834
1759820467.456,2025-10-07 08:01:07.455,0.0906,0.0249,0.8728,2.6565,0.0,-2.4809,40.25,0,,False,False,1.0,0.878,3.635
1759820467.686,2025-10-07 08:01:07.685,0.0942,0.0239,0.8792,2.4733,-0.2366,-2.5191,40.39,0,,False,False,1.0,0.885,3.538
1759820467.914,2025-10-07 08:01:07.913,0.0967,0.0225,0.8755,2.542,-0.0916,-2.5878,40.25,0,,False,False,1.0,0.881,3.629
1759820468.127,2025-10-07 08:01:08.126,0.0945,0.0278,0.8821,2.6794,-0.3053,-2.8397,40.39,0,,False,False,1.0,0.888,3.916
1759820468.355,2025-10-07 08:01:08.355,0.0923,0.0247,0.8677,2.3511,0.0382,-2.8321,40.39,0,,False,False,1.0,0.873,3.681
1759820468.518,2025-10-07 08:01:08.517,0.0916,0.0227,0.8828,2.5649,-0.0687,-2.6031,40.2,0,,False,False,1.0,0.888,3.655
1759820468.696,2025-10-07 08:01:08.695,0.0903,0.0249,0.8721,2.6565,0.1374,-2.5649,40.2,0,,False,False,1.0,0.877,3.695
1759820468.932,2025-10-07 08:01:08.931,0.0928,0.0264,0.8667,2.5802,0.1069,-2.7328,40.25,0,,False,False,1.0,0.872,3.76
1759820469.123,2025-10-07 08:01:09.122,0.094,0.0232,0.8684,2.4427,-0.1527,-2.7634,40.2,0,,False,False,1.0,0.874,3.691
1759820469.36,2025-10-07 08:01:09.359,0.0898,0.022,0.8723,2.3588,-0.1832,-2.6489,40.58,0,,False,False,1.0,0.877,3.552
1759820469.546,2025-10-07 08:01:09.545,0.0952,0.0188,0.8721,2.5267,-0.1908,-2.771,40.34,0,,False,False,1.0,0.877,3.755
1759820469.722,2025-10-07 08:01:09.721,0.0947,0.0254,0.8806,2.7481,-0.0992,-2.7939,40.39,0,,False,False,1.0,0.886,3.92
1759820469.877,2025-10-07 08:01:09.876,0.0923,0.0225,0.8721,2.7099,-0.0763,-2.626,40.39,0,,False,False,1.0,0.877,3.774
1759820470.079,2025-10-07 08:01:10.079,0.0913,0.0208,0.8792,2.7023,-0.3206,-2.8626,40.39,0,,False,False,1.0,0.884,3.95
1759820470.234,2025-10-07 08:01:10.234,0.0918,0.0229,0.8767,2.5573,-0.3359,-2.7786,40.39,0,,False,False,1.0,0.882,3.791
1759820470.387,2025-10-07 08:01:10.386,0.0964,0.0276,0.8772,2.6641,-0.2977,-2.6412,40.25,0,,False,False,1.0,0.883,3.763
1759820470.544,2025-10-07 08:01:10.544,0.0933,0.0186,0.8821,2.3664,-0.2901,-2.7863,40.25,0,,False,False,1.0,0.887,3.667
1759820470.737,2025-10-07 08:01:10.736,0.0935,0.0242,0.8704,2.7557,0.2137,-2.7099,40.2,0,,False,False,1.0,0.876,3.871
1759820470.892,2025-10-07 08:01:10.891,0.095,0.0229,0.8806,2.5725,-0.0916,-2.5344,40.15,0,,False,False,1.0,0.886,3.612
1759820471.054,2025-10-07 08:01:11.054,0.0962,0.0203,0.8782,2.2214,-0.3511,-2.8931,40.25,0,,False,False,1.0,0.884,3.664
1759820471.19,2025-10-07 08:01:11.189,0.0938,0.0256,0.8784,2.458,-0.0382,-2.5496,40.39,0,,False,False,1.0,0.884,3.542
1759820471.346,2025-10-07 08:01:11.346,0.0918,0.02,0.8762,2.5725,-0.229,-2.7405,40.2,0,,False,False,1.0,0.881,3.766
1759820471.498,2025-10-07 08:01:11.497,0.0938,0.0195,0.8743,2.3817,-0.0305,-2.5115,40.44,0,,False,False,1.0,0.88,3.461
1759820471.65,2025-10-07 08:01:11.649,0.0955,0.0256,0.8765,2.4962,-0.084,-2.6947,40.39,0,,False,False,1.0,0.882,3.674
1759820471.821,2025-10-07 08:01:11.821,0.0959,0.0222,0.874,2.3359,-0.1069,-3.0,40.39,0,,False,False,1.0,0.88,3.804
1759820472.015,2025-10-07 08:01:12.014,0.0916,0.0239,0.8728,2.3817,-0.3053,-2.6336,40.2,0,,False,False,1.0,0.878,3.564
1759820472.168,2025-10-07 08:01:12.168,0.0942,0.0242,0.8757,2.2901,-0.313,-2.5802,40.34,0,,False,False,1.0,0.881,3.464
1759820472.329,2025-10-07 08:01:12.328,0.0972,0.0222,0.8728,2.542,-0.1069,-2.4962,40.25,0,,False,False,1.0,0.878,3.564
1759820472.464,2025-10-07 08:01:12.464,0.0945,0.022,0.8755,2.5649,-0.2443,-2.6412,40.34,0,,False,False,1.0,0.881,3.69
1759820472.616,2025-10-07 08:01:12.615,0.093,0.0237,0.8757,2.2595,0.0305,-2.5573,40.25,0,,False,False,1.0,0.881,3.413
1759820472.77,2025-10-07 08:01:12.769,0.093,0.0212,0.8706,2.3893,-0.2061,-2.6947,40.34,0,,False,False,1.0,0.876,3.607
1759820472.931,2025-10-07 08:01:12.930,0.0947,0.0229,0.8762,2.3664,-0.0763,-2.6489,40.25,0,,False,False,1.0,0.882,3.553
1759820473.07,2025-10-07 08:01:13.070,0.0942,0.0244,0.8743,2.4275,-0.2672,-2.6336,40.44,0,,False,False,1.0,0.88,3.592
1759820473.223,2025-10-07 08:01:13.222,0.0955,0.0215,0.8691,2.5496,-0.0153,-2.7176,40.34,0,,False,False,0.99,0.875,3.726
1759820473.375,2025-10-07 08:01:13.375,0.0938,0.0227,0.8713,2.6718,-0.2672,-2.6489,40.39,0,,False,False,1.0,0.877,3.772
1759820473.566,2025-10-07 08:01:13.565,0.0947,0.0212,0.8765,2.4656,-0.0916,-2.7023,40.34,0,,False,False,1.0,0.882,3.659
1759820473.73,2025-10-07 08:01:13.730,0.095,0.021,0.8706,2.5649,0.0611,-2.4427,40.39,0,,False,False,1.0,0.876,3.542
1759820473.888,2025-10-07 08:01:13.887,0.0964,0.0232,0.8723,2.7557,-0.1069,-2.7252,40.25,0,,False,False,1.0,0.878,3.877
1759820474.049,2025-10-07 08:01:14.049,0.0952,0.0247,0.8691,2.2748,0.1145,-2.6947,40.06,0,,False,False,0.99,0.875,3.528
1759820474.187,2025-10-07 08:01:14.187,0.0889,0.0229,0.8704,2.4733,-0.2824,-2.7099,40.34,0,,False,False,1.0,0.875,3.68
1759820474.339,2025-10-07 08:01:14.339,0.0984,0.0256,0.8728,2.4656,0.084,-2.4656,40.34,0,,False,False,1.0,0.879,3.488
1759820474.494,2025-10-07 08:01:14.493,0.0884,0.0239,0.8796,2.2672,-0.2977,-2.9008,40.2,0,,False,False,1.0,0.884,3.694
1759820474.652,2025-10-07 08:01:14.652,0.0881,0.0254,0.8828,2.4885,-0.1298,-2.6336,40.15,0,,False,False,1.0,0.888,3.626
1759820474.809,2025-10-07 08:01:14.808,0.0959,0.0232,0.8694,2.313,-0.2061,-2.5496,40.25,0,,False,False,1.0,0.875,3.449
1759820474.972,2025-10-07 08:01:14.972,0.0908,0.0247,0.8767,2.7099,-0.2214,-2.6947,40.06,0,,False,False,1.0,0.882,3.828
1759820475.152,2025-10-07 08:01:15.151,0.0962,0.0227,0.8782,2.3969,-0.0687,-2.6489,40.06,0,,False,False,1.0,0.884,3.573
1759820475.306,2025-10-07 08:01:15.306,0.0955,0.0227,0.8765,2.4656,-0.084,-2.6489,40.44,0,,False,False,1.0,0.882,3.62
1759820475.463,2025-10-07 08:01:15.463,0.0906,0.0247,0.8713,2.5802,-0.1603,-2.4733,40.25,0,,False,False,1.0,0.876,3.578
1759820475.621,2025-10-07 08:01:15.621,0.0894,0.0217,0.8794,2.5649,-0.2672,-2.8626,40.25,0,,False,False,1.0,0.884,3.853
1759820475.777,2025-10-07 08:01:15.776,0.0969,0.0229,0.8718,2.2977,-0.1374,-2.771,40.39,0,,False,False,1.0,0.877,3.602
1759820475.941,2025-10-07 08:01:15.940,0.094,0.0249,0.874,2.5954,-0.1069,-2.6641,40.34,0,,False,False,1.0,0.879,3.721
1759820476.103,2025-10-07 08:01:16.102,0.0933,0.0234,0.8765,2.5573,-0.2595,-2.7023,40.39,0,,False,False,1.0,0.882,3.73
1759820476.265,2025-10-07 08:01:16.265,0.0913,0.0251,0.8738,2.6031,0.0076,-2.5573,40.25,0,,False,False,1.0,0.879,3.649
1759820476.448,2025-10-07 08:01:16.447,0.0935,0.0234,0.8701,2.4198,-0.1985,-2.626,40.39,0,,False,False,1.0,0.875,3.576
1759820476.622,2025-10-07 08:01:16.622,0.0928,0.0222,0.8708,2.4275,0.0229,-2.6412,40.2,0,,False,False,1.0,0.876,3.587
1759820476.783,2025-10-07 08:01:16.782,0.0938,0.0212,0.8711,2.8473,-0.3511,-2.7023,40.15,0,,False,False,1.0,0.876,3.941
1759820476.937,2025-10-07 08:01:16.936,0.0957,0.0266,0.8718,2.5038,-0.145,-2.855,40.34,0,,False,False,1.0,0.877,3.8
1759820477.092,2025-10-07 08:01:17.092,0.0916,0.0254,0.8704,2.542,-0.1374,-2.7023,40.34,0,,False,False,1.0,0.876,3.713
1759820477.25,2025-10-07 08:01:17.249,0.0945,0.0217,0.8772,2.4504,-0.0916,-2.771,40.25,0,,False,False,1.0,0.883,3.7
1759820477.411,2025-10-07 08:01:17.410,0.0925,0.0286,0.8735,2.4733,-0.0229,-2.6565,40.39,0,,False,False,1.0,0.879,3.63
1759820477.568,2025-10-07 08:01:17.567,0.095,0.0232,0.8757,2.3282,-0.1908,-2.6183,40.25,0,,False,False,1.0,0.881,3.509
1759820477.751,2025-10-07 08:01:17.750,0.0928,0.0266,0.8784,2.5038,-0.3969,-2.7252,40.25,0,,False,False,1.0,0.884,3.722
1759820477.923,2025-10-07 08:01:17.922,0.0923,0.0264,0.8877,2.6718,-0.6565,-2.7786,40.06,0,,False,False,1.0,0.893,3.91
1759820478.142,2025-10-07 08:01:18.142,0.0962,0.0234,0.8752,2.374,-0.2061,-2.5191,40.25,0,,False,False,1.0,0.881,3.468
1759820478.335,2025-10-07 08:01:18.335,0.0962,0.0176,0.875,2.3359,-0.0763,-2.6794,40.15,0,,False,False,1.0,0.88,3.555
1759820478.527,2025-10-07 08:01:18.527,0.0952,0.0234,0.8716,2.2443,-0.0534,-2.7099,40.15,0,,False,False,1.0,0.877,3.519
1759820478.691,2025-10-07 08:01:18.690,0.0989,0.0225,0.8801,2.5267,-0.1832,-2.9695,40.01,0,,False,False,1.0,0.886,3.903
1759820478.83,2025-10-07 08:01:18.830,0.0894,0.0217,0.8738,2.5573,-0.145,-2.7405,40.06,0,,False,False,1.0,0.879,3.751
1759820478.987,2025-10-07 08:01:18.987,0.0942,0.0234,0.8806,2.4275,-0.1603,-2.6565,40.39,0,,False,False,1.0,0.886,3.602
1759820479.145,2025-10-07 08:01:19.144,0.0972,0.02,0.8745,2.2977,0.0382,-2.5878,40.01,0,,False,False,1.0,0.88,3.461
1759820479.301,2025-10-07 08:01:19.300,0.0955,0.02,0.8757,2.3893,-0.2443,-2.6947,40.44,0,,False,False,1.0,0.881,3.61
1759820479.455,2025-10-07 08:01:19.455,0.0903,0.022,0.8625,2.4885,-0.0992,-2.7634,40.15,0,,False,False,1.0,0.867,3.72
1759820479.612,2025-10-07 08:01:19.611,0.093,0.0239,0.8804,2.4275,-0.0687,-2.5878,40.39,0,,False,False,1.0,0.886,3.549
1759820479.77,2025-10-07 08:01:19.769,0.0933,0.0251,0.8708,2.6641,-0.145,-2.9542,40.39,0,,False,False,1.0,0.876,3.981
1759820479.906,2025-10-07 08:01:19.905,0.095,0.0203,0.8718,2.6794,-0.3893,-2.7405,40.44,0,,False,False,1.0,0.877,3.852
1759820480.059,2025-10-07 08:01:20.059,0.0955,0.0212,0.875,2.5649,-0.1603,-2.6641,39.92,0,,False,False,1.0,0.88,3.702
1759820480.218,2025-10-07 08:01:20.217,0.0933,0.0227,0.8733,2.374,-0.1985,-2.5649,40.25,0,,False,False,1.0,0.879,3.501
1759820480.372,2025-10-07 08:01:20.371,0.0945,0.0198,0.8799,2.542,-0.1603,-2.7481,40.25,0,,False,False,1.0,0.885,3.747
1759820480.53,2025-10-07 08:01:20.530,0.0923,0.0198,0.8745,2.5115,-0.1603,-2.7786,40.34,0,,False,False,1.0,0.88,3.749
1759820480.666,2025-10-07 08:01:20.665,0.0901,0.0222,0.8721,2.2977,0.145,-2.6412,40.25,0,,False,False,1.0,0.877,3.504
1759820480.817,2025-10-07 08:01:20.816,0.0923,0.0264,0.8796,2.313,0.0458,-2.8626,40.06,0,,False,False,1.0,0.885,3.681
1759820480.968,2025-10-07 08:01:20.968,0.0942,0.0208,0.8872,2.4885,-0.0382,-2.9084,40.44,0,,False,False,1.0,0.892,3.828
1759820481.129,2025-10-07 08:01:21.128,0.0955,0.0198,0.8772,2.374,-0.2443,-2.5573,40.53,0,,False,False,1.0,0.883,3.498
1759820481.264,2025-10-07 08:01:21.263,0.0938,0.0244,0.8784,2.3893,-0.4962,-3.1756,40.06,0,,False,False,1.0,0.884,4.005
1759820481.415,2025-10-07 08:01:21.415,0.0898,0.0225,0.8772,2.6336,-0.0153,-2.6107,40.25,0,,False,False,1.0,0.882,3.708
1759820481.567,2025-10-07 08:01:21.566,0.0903,0.0247,0.8738,2.3588,-0.1908,-2.6107,40.34,0,,False,False,1.0,0.879,3.524
1759820481.727,2025-10-07 08:01:21.726,0.0923,0.0229,0.865,2.5725,-0.1221,-2.8092,40.06,0,,False,False,1.0,0.87,3.811
1759820481.903,2025-10-07 08:01:21.903,0.0964,0.0208,0.8772,2.374,-0.1679,-2.8779,40.25,0,,False,False,1.0,0.883,3.734
1759820482.083,2025-10-07 08:01:22.082,0.0884,0.0232,0.8669,2.5344,-0.4351,-2.9084,40.34,0,,False,False,1.0,0.872,3.882
1759820482.276,2025-10-07 08:01:22.276,0.0962,0.0229,0.8757,2.3511,-0.0992,-2.3206,40.15,0,,False,False,1.0,0.881,3.305
1759820482.431,2025-10-07 08:01:22.430,0.0918,0.0234,0.8655,2.5496,-0.2824,-2.7786,40.2,0,,False,False,1.0,0.871,3.782
1759820482.621,2025-10-07 08:01:22.621,0.0938,0.0242,0.8765,2.626,-0.0763,-2.5649,40.25,0,,False,False,1.0,0.882,3.672
1759820482.777,2025-10-07 08:01:22.776,0.0935,0.0222,0.8755,2.3817,-0.0611,-2.7328,40.25,0,,False,False,1.0,0.881,3.626
1759820482.931,2025-10-07 08:01:22.931,0.0974,0.0208,0.8672,2.5115,-0.1679,-2.9466,40.25,0,,False,False,1.0,0.873,3.875
1759820483.084,2025-10-07 08:01:23.083,0.0935,0.0266,0.8779,2.3359,-0.2519,-2.5954,40.34,0,,False,False,1.0,0.883,3.501
1759820483.246,2025-10-07 08:01:23.246,0.0952,0.0227,0.8728,2.5573,-0.2748,-2.8244,40.44,0,,False,False,1.0,0.878,3.82
1759820483.433,2025-10-07 08:01:23.433,0.0933,0.0215,0.8711,2.542,-0.1603,-2.5802,40.15,0,,False,False,1.0,0.876,3.626
1759820483.636,2025-10-07 08:01:23.635,0.094,0.0212,0.8728,2.7252,-0.0458,-2.6794,40.39,0,,False,False,1.0,0.878,3.822
1759820483.803,2025-10-07 08:01:23.802,0.0918,0.0234,0.865,2.6794,-0.1374,-2.7023,40.34,0,,False,False,1.0,0.87,3.808
1759820483.976,2025-10-07 08:01:23.975,0.093,0.0225,0.8738,2.4198,-0.0458,-2.7481,40.2,0,,False,False,1.0,0.879,3.662
1759820484.132,2025-10-07 08:01:24.132,0.0979,0.0239,0.8645,2.8779,-0.3206,-2.7252,40.15,0,,False,False,1.0,0.87,3.976
1759820484.292,2025-10-07 08:01:24.291,0.092,0.0239,0.8735,2.6031,-0.145,-2.626,40.06,0,,False,False,1.0,0.879,3.7
1759820484.454,2025-10-07 08:01:24.453,0.0923,0.0249,0.875,2.6641,-0.2137,-2.6107,40.25,0,,False,False,1.0,0.88,3.736
1759820484.623,2025-10-07 08:01:24.622,0.0928,0.0256,0.8662,2.4656,0.0687,-2.6565,40.01,0,,False,False,1.0,0.872,3.625
1759820484.774,2025-10-07 08:01:24.774,0.0938,0.0249,0.8755,2.5038,-0.374,-2.7786,40.53,0,,False,False,1.0,0.881,3.759
1759820484.926,2025-10-07 08:01:24.925,0.0925,0.0249,0.8684,2.4275,-0.1985,-2.5191,40.39,0,,False,False,1.0,0.874,3.504
1759820485.085,2025-10-07 08:01:25.084,0.0938,0.0259,0.8711,2.4122,-0.0305,-2.6336,40.06,0,,False,False,1.0,0.877,3.571
1759820485.259,2025-10-07 08:01:25.258,0.0977,0.0234,0.8743,2.3817,-0.0611,-2.5267,40.15,0,,False,False,1.0,0.88,3.473
1759820485.41,2025-10-07 08:01:25.410,0.093,0.021,0.8743,2.2977,-0.2137,-2.6794,40.34,0,,False,False,1.0,0.879,3.536
1759820485.569,2025-10-07 08:01:25.568,0.094,0.0227,0.8777,2.3817,-0.0992,-2.5191,40.39,0,,False,False,1.0,0.883,3.468
1759820485.704,2025-10-07 08:01:25.703,0.0947,0.0232,0.8792,2.4275,-0.4504,-2.6565,40.01,0,,False,False,1.0,0.885,3.627
1759820485.855,2025-10-07 08:01:25.854,0.0945,0.0247,0.8691,2.5038,-0.1603,-2.4809,40.15,0,,False,False,0.99,0.875,3.528
1759820486.016,2025-10-07 08:01:26.015,0.0896,0.0242,0.8755,2.4351,0.1374,-2.687,40.01,0,,False,False,1.0,0.88,3.629
1759820486.21,2025-10-07 08:01:26.209,0.0916,0.0176,0.8757,2.5038,-0.3969,-2.8473,40.34,0,,False,False,1.0,0.881,3.812
1759820486.367,2025-10-07 08:01:26.367,0.0947,0.0237,0.8787,2.4275,-0.2061,-2.6031,40.25,0,,False,False,1.0,0.884,3.565
1759820486.526,2025-10-07 08:01:26.525,0.0967,0.0256,0.8792,2.5954,-0.1374,-2.8015,40.15,0,,False,False,1.0,0.885,3.821
1759820486.661,2025-10-07 08:01:26.661,0.0913,0.0227,0.8784,2.3511,-0.1221,-2.5573,40.2,0,,False,False,1.0,0.883,3.476
1759820486.814,2025-10-07 08:01:26.813,0.0925,0.0222,0.8701,2.5496,-0.229,-2.6565,40.06,0,,False,False,1.0,0.875,3.689
1759820486.965,2025-10-07 08:01:26.964,0.0911,0.0232,0.8799,2.3969,-0.0076,-2.5191,40.25,0,,False,False,1.0,0.885,3.477
1759820487.145,2025-10-07 08:01:27.145,0.0969,0.0212,0.8752,2.5954,-0.1908,-2.8092,40.06,0,,False,False,1.0,0.881,3.829
1759820487.333,2025-10-07 08:01:27.333,0.0952,0.0208,0.8792,2.5038,-0.1374,-2.7252,40.34,0,,False,False,1.0,0.885,3.703
1759820487.522,2025-10-07 08:01:27.521,0.0955,0.0229,0.8789,2.5649,0.0305,-2.6641,40.25,0,,False,False,1.0,0.884,3.698
1759820487.712,2025-10-07 08:01:27.711,0.0906,0.0215,0.874,2.313,-0.2595,-2.4275,40.25,0,,False,False,1.0,0.879,3.363
1759820487.86,2025-10-07 08:01:27.860,0.1006,0.0244,0.8982,2.5496,-0.1145,-2.7252,40.34,0,,False,False,1.0,0.904,3.734
1759820488.017,2025-10-07 08:01:28.016,0.0925,0.0259,0.8774,2.6183,-0.2672,-2.6794,40.39,0,,False,False,1.0,0.883,3.756
1759820488.171,2025-10-07 08:01:28.171,0.0913,0.0203,0.8752,2.458,-0.1679,-2.5496,40.39,0,,False,False,1.0,0.88,3.545
1759820488.324,2025-10-07 08:01:28.323,0.0935,0.0251,0.8779,2.4198,-0.3817,-2.626,40.06,0,,False,False,1.0,0.883,3.591
1759820488.482,2025-10-07 08:01:28.481,0.0928,0.0234,0.8792,2.4275,-0.1145,-2.687,40.34,0,,False,False,1.0,0.884,3.623
1759820488.649,2025-10-07 08:01:28.648,0.0945,0.0212,0.8735,2.3893,-0.0305,-2.7252,40.01,0,,False,False,1.0,0.879,3.624
1759820488.801,2025-10-07 08:01:28.801,0.0903,0.0232,0.8718,2.6107,-0.1985,-2.6183,40.34,0,,False,False,1.0,0.877,3.703
1759820488.981,2025-10-07 08:01:28.981,0.0928,0.0239,0.8782,2.5496,-0.145,-2.5267,40.34,0,,False,False,1.0,0.883,3.592
1759820489.145,2025-10-07 08:01:29.144,0.0911,0.0217,0.8643,2.626,-0.2214,-2.2977,39.87,0,,False,False,1.0,0.869,3.496
1759820489.367,2025-10-07 08:01:29.367,0.0933,0.0237,0.8831,2.542,-0.1985,-2.458,40.25,0,,False,False,1.0,0.888,3.542
1759820489.508,2025-10-07 08:01:29.508,0.0947,0.021,0.8777,2.1985,-0.145,-2.7099,40.34,0,,False,False,1.0,0.883,3.493
1759820489.721,2025-10-07 08:01:29.721,0.0933,0.0234,0.8757,2.4351,0.3053,-2.6565,40.15,0,,False,False,1.0,0.881,3.617
1759820489.906,2025-10-07 08:01:29.905,0.0896,0.0251,0.8706,2.7252,-0.3359,-2.7328,40.25,0,,False,False,1.0,0.876,3.874
1759820490.183,2025-10-07 08:01:30.182,0.0933,0.022,0.8772,2.4504,-0.0687,-2.5954,40.2,0,,False,False,1.0,0.882,3.57
1759820490.427,2025-10-07 08:01:30.426,0.0894,0.0254,0.8718,2.4198,-0.0992,-2.4809,40.15,0,,False,False,1.0,0.877,3.467
1759820490.583,2025-10-07 08:01:30.582,0.0918,0.0249,0.877,2.5573,-0.2901,-2.7252,40.44,0,,False,False,1.0,0.882,3.748
1759820490.736,2025-10-07 08:01:30.735,0.095,0.0266,0.8674,2.687,-0.2214,-2.8015,40.15,0,,False,False,1.0,0.873,3.888
1759820490.889,2025-10-07 08:01:30.888,0.0945,0.021,0.8638,2.5191,-0.3664,-2.7481,40.44,0,,False,False,1.0,0.869,3.746
1759820491.041,2025-10-07 08:01:31.041,0.095,0.0232,0.8701,2.4275,-0.1298,-2.5649,40.15,0,,False,False,1.0,0.876,3.534
1759820491.201,2025-10-07 08:01:31.201,0.0945,0.0264,0.8711,2.4351,-0.2672,-2.6489,40.39,0,,False,False,1.0,0.877,3.608
1759820491.338,2025-10-07 08:01:31.338,0.0972,0.0247,0.8765,2.3511,-0.2748,-2.5344,40.15,0,,False,False,1.0,0.882,3.468
1759820491.496,2025-10-07 08:01:31.495,0.0964,0.0264,0.8689,2.6412,-0.1145,-2.5573,40.34,0,,False,False,0.99,0.875,3.678
1759820491.65,2025-10-07 08:01:31.649,0.0945,0.0212,0.8696,2.4504,-0.2595,-2.771,40.25,0,,False,False,1.0,0.875,3.708
1759820491.804,2025-10-07 08:01:31.804,0.0938,0.0247,0.8748,2.6107,-0.0611,-2.687,40.34,0,,False,False,1.0,0.88,3.747
1759820491.963,2025-10-07 08:01:31.963,0.094,0.0247,0.885,2.4656,-0.1603,-2.5954,40.2,0,,False,False,1.0,0.89,3.583
1759820492.098,2025-10-07 08:01:32.098,0.0918,0.0208,0.8823,2.458,-0.2214,-2.6565,40.39,0,,False,False,1.0,0.887,3.626
1759820492.253,2025-10-07 08:01:32.252,0.0969,0.0244,0.8721,2.4733,0.1679,-2.687,40.34,0,,False,False,1.0,0.878,3.656
1759820492.405,2025-10-07 08:01:32.405,0.0916,0.0237,0.8687,2.626,-0.0534,-2.542,40.06,0,,False,False,1.0,0.874,3.655
1759820492.564,2025-10-07 08:01:32.563,0.0967,0.0242,0.8716,2.0611,-0.0382,-2.771,40.06,0,,False,False,1.0,0.877,3.454
1759820492.701,2025-10-07 08:01:32.701,0.0933,0.0259,0.864,2.4427,0.0458,-2.7252,40.15,0,,False,False,1.0,0.869,3.66
1759820492.854,2025-10-07 08:01:32.853,0.0959,0.0232,0.8779,2.4656,0.0229,-2.7328,40.06,0,,False,False,1.0,0.883,3.681
1759820493.01,2025-10-07 08:01:33.009,0.0972,0.0232,0.8726,2.3893,-0.2366,-2.7099,40.2,0,,False,False,1.0,0.878,3.621
1759820493.17,2025-10-07 08:01:33.170,0.0925,0.0225,0.8687,2.3664,-0.2061,-2.7863,40.15,0,,False,False,1.0,0.874,3.661
1759820493.357,2025-10-07 08:01:33.357,0.0933,0.019,0.8787,2.542,0.084,-2.7863,40.01,0,,False,False,1.0,0.884,3.773
1759820493.523,2025-10-07 08:01:33.522,0.0916,0.0208,0.8718,2.5115,-0.084,-2.6183,40.15,0,,False,False,1.0,0.877,3.629
1759820493.694,2025-10-07 08:01:33.694,0.094,0.0264,0.8706,2.6336,-0.2137,-2.6947,40.06,0,,False,False,1.0,0.876,3.774
1759820493.846,2025-10-07 08:01:33.845,0.0955,0.0229,0.8713,2.5573,-0.2672,-2.4885,39.92,0,,False,False,1.0,0.877,3.578
1759820494.004,2025-10-07 08:01:34.004,0.0969,0.0249,0.8716,2.4733,-0.3511,-2.626,40.06,0,,False,False,1.0,0.877,3.624
1759820494.14,2025-10-07 08:01:34.140,0.0933,0.0229,0.873,2.5344,-0.1985,-2.8473,39.92,0,,False,False,1.0,0.878,3.817
1759820494.292,2025-10-07 08:01:34.291,0.0874,0.0183,0.8789,2.7634,-0.0229,-3.0305,40.25,0,,False,False,1.0,0.883,4.101
1759820494.443,2025-10-07 08:01:34.443,0.0947,0.0227,0.8733,2.4656,-0.2061,-2.7557,40.15,0,,False,False,1.0,0.879,3.703
1759820494.602,2025-10-07 08:01:34.601,0.0913,0.0244,0.877,2.4351,0.0611,-2.7099,40.25,0,,False,False,1.0,0.882,3.644
1759820494.74,2025-10-07 08:01:34.739,0.0896,0.0215,0.8713,2.4733,-0.2519,-2.6718,40.25,0,,False,False,1.0,0.876,3.65
1759820494.892,2025-10-07 08:01:34.891,0.0891,0.0232,0.8677,2.6641,-0.1832,-2.7786,40.06,0,,False,False,1.0,0.873,3.854
1759820495.046,2025-10-07 08:01:35.046,0.0923,0.0261,0.8755,2.1527,-0.1069,-2.6718,40.2,0,,False,False,1.0,0.881,3.433
1759820495.201,2025-10-07 08:01:35.201,0.095,0.0273,0.8748,2.5649,0.0534,-2.6183,40.06,0,,False,False,1.0,0.88,3.666
1759820495.36,2025-10-07 08:01:35.360,0.0942,0.0225,0.8728,2.458,-0.2061,-2.771,39.92,0,,False,False,1.0,0.878,3.71
1759820495.496,2025-10-07 08:01:35.495,0.0945,0.0237,0.8723,2.374,-0.0458,-2.7557,40.2,0,,False,False,1.0,0.878,3.638
1759820495.647,2025-10-07 08:01:35.647,0.095,0.0222,0.8762,2.4046,-0.1069,-2.7634,40.15,0,,False,False,1.0,0.882,3.665
1759820495.805,2025-10-07 08:01:35.805,0.095,0.0239,0.8777,2.6718,-0.1985,-2.5267,40.06,0,,False,False,1.0,0.883,3.683
1759820495.955,2025-10-07 08:01:35.954,0.0923,0.0195,0.8743,2.374,-0.0763,-2.7557,40.15,0,,False,False,1.0,0.879,3.638
1759820496.099,2025-10-07 08:01:36.098,0.0901,0.0237,0.875,2.5649,-0.2977,-2.626,40.25,0,,False,False,1.0,0.88,3.683
1759820496.25,2025-10-07 08:01:36.250,0.0925,0.0222,0.8733,2.3435,-0.3282,-2.9237,40.15,0,,False,False,1.0,0.878,3.761
1759820496.401,2025-10-07 08:01:36.401,0.0935,0.0239,0.8696,2.4351,-0.3282,-2.6336,40.25,0,,False,False,1.0,0.875,3.602
1759820496.559,2025-10-07 08:01:36.559,0.094,0.0242,0.8779,2.5038,-0.1069,-2.6718,40.25,0,,False,False,1.0,0.883,3.663
1759820496.709,2025-10-07 08:01:36.708,0.0955,0.0242,0.8699,2.4809,-0.0534,-2.8855,40.34,0,,False,False,1.0,0.875,3.806
1759820496.852,2025-10-07 08:01:36.852,0.093,0.0222,0.8689,2.3664,0.0534,-2.7481,39.87,0,,False,False,1.0,0.874,3.627
1759820497.004,2025-10-07 08:01:37.003,0.0967,0.0229,0.8701,2.5573,-0.0916,-2.7405,40.25,0,,False,False,1.0,0.876,3.749
1759820497.162,2025-10-07 08:01:37.162,0.0906,0.0232,0.8726,2.458,-0.0992,-2.771,40.25,0,,False,False,1.0,0.878,3.705
1759820497.297,2025-10-07 08:01:37.297,0.092,0.0259,0.8782,2.6565,-0.1298,-2.7557,40.2,0,,False,False,1.0,0.883,3.83
1759820497.448,2025-10-07 08:01:37.448,0.0972,0.0208,0.8826,2.4809,-0.1374,-2.6718,40.25,0,,False,False,1.0,0.888,3.649
1759820497.6,2025-10-07 08:01:37.599,0.0974,0.0193,0.8728,2.6565,0.0611,-2.9695,40.06,0,,False,False,1.0,0.878,3.985
1759820497.758,2025-10-07 08:01:37.758,0.094,0.0222,0.8716,2.5191,-0.145,-2.4962,40.25,0,,False,False,1.0,0.877,3.549
1759820497.893,2025-10-07 08:01:37.893,0.095,0.0269,0.8721,2.4962,-0.2595,-2.6641,40.25,0,,False,False,1.0,0.878,3.66
1759820498.045,2025-10-07 08:01:38.044,0.0947,0.0237,0.877,2.7023,-0.0916,-2.542,40.39,0,,False,False,1.0,0.882,3.711
1759820498.204,2025-10-07 08:01:38.203,0.0911,0.0205,0.8745,2.5725,-0.3664,-2.7328,40.15,0,,False,False,1.0,0.879,3.771
1759820498.339,2025-10-07 08:01:38.338,0.0947,0.021,0.876,2.4809,-0.3893,-2.7252,40.25,0,,False,False,1.0,0.881,3.706
1759820498.491,2025-10-07 08:01:38.491,0.0962,0.0254,0.8677,2.5878,0.0153,-2.4427,40.06,0,,False,False,1.0,0.873,3.559
1759820498.684,2025-10-07 08:01:38.684,0.0942,0.0227,0.8748,2.4733,-0.1069,-2.626,40.2,0,,False,False,1.0,0.88,3.609
1759820498.867,2025-10-07 08:01:38.866,0.0942,0.0222,0.8804,2.4656,-0.1374,-2.687,40.25,0,,False,False,1.0,0.886,3.649
1759820499.138,2025-10-07 08:01:39.137,0.0869,0.0229,0.874,2.3664,-0.0763,-2.7863,40.25,0,,False,False,1.0,0.879,3.656
1759820499.333,2025-10-07 08:01:39.332,0.0923,0.022,0.8704,2.5649,-0.1985,-2.7863,40.2,0,,False,False,1.0,0.876,3.792
1759820499.486,2025-10-07 08:01:39.485,0.0952,0.0239,0.8782,2.4427,-0.0382,-2.6947,40.25,0,,False,False,1.0,0.884,3.637
1759820499.637,2025-10-07 08:01:39.637,0.0933,0.0269,0.8733,2.4351,-0.3511,-2.5802,40.2,0,,False,False,1.0,0.879,3.565
1759820499.795,2025-10-07 08:01:39.794,0.092,0.022,0.8694,2.6107,-0.2061,-2.6641,40.2,0,,False,False,0.99,0.875,3.736
1759820499.938,2025-10-07 08:01:39.937,0.0947,0.0271,0.876,2.4504,-0.1527,-2.6794,40.25,0,,False,False,1.0,0.882,3.634
1759820500.089,2025-10-07 08:01:40.088,0.0964,0.0251,0.8799,2.5496,-0.1832,-2.9084,40.25,0,,False,False,1.0,0.886,3.872
1759820500.24,2025-10-07 08:01:40.239,0.0945,0.0242,0.8726,2.5649,-0.5496,-2.7786,40.25,0,,False,False,1.0,0.878,3.821
1759820500.398,2025-10-07 08:01:40.398,0.093,0.0234,0.877,2.3664,-0.084,-2.5573,40.15,0,,False,False,1.0,0.882,3.485
1759820500.533,2025-10-07 08:01:40.532,0.0903,0.0264,0.876,2.4046,-0.2366,-2.6641,40.15,0,,False,False,1.0,0.881,3.597
1759820500.684,2025-10-07 08:01:40.684,0.0928,0.0249,0.8752,2.4733,-0.2519,-2.6641,40.25,0,,False,False,1.0,0.88,3.644
1759820500.843,2025-10-07 08:01:40.842,0.0942,0.0222,0.8738,2.4809,-0.1374,-2.7405,40.25,0,,False,False,1.0,0.879,3.699
1759820500.977,2025-10-07 08:01:40.977,0.0935,0.0242,0.8721,2.3664,-0.0611,-2.7786,40.2,0,,False,False,1.0,0.877,3.65
1759820501.129,2025-10-07 08:01:41.128,0.0957,0.0227,0.8745,2.5191,-0.1756,-2.7252,40.25,0,,False,False,1.0,0.88,3.715
1759820501.281,2025-10-07 08:01:41.280,0.0925,0.0217,0.8765,2.5267,-0.2214,-2.8473,40.25,0,,False,False,0.99,0.882,3.813
1759820501.439,2025-10-07 08:01:41.439,0.0903,0.0242,0.8682,2.4962,-0.1679,-2.6412,40.34,0,,False,False,1.0,0.873,3.638
1759820501.574,2025-10-07 08:01:41.573,0.0925,0.0212,0.8723,2.5725,-0.3053,-2.5649,40.2,0,,False,False,1.0,0.877,3.646
1759820501.725,2025-10-07 08:01:41.725,0.0928,0.022,0.876,2.5725,-0.2214,-2.7405,40.25,0,,False,False,1.0,0.881,3.765
1759820501.876,2025-10-07 08:01:41.876,0.094,0.0239,0.8677,2.5038,-0.0687,-2.4885,40.15,0,,False,False,1.0,0.873,3.531
1759820502.034,2025-10-07 08:01:42.034,0.0911,0.0247,0.8682,2.5496,-0.1908,-2.542,40.2,0,,False,False,1.0,0.873,3.605
1759820502.169,2025-10-07 08:01:42.168,0.0933,0.022,0.8691,2.6565,-0.0687,-2.8015,40.25,0,,False,False,0.99,0.874,3.861
1759820502.32,2025-10-07 08:01:42.320,0.0952,0.0217,0.8716,2.2977,-0.2672,-2.7176,40.34,0,,False,False,1.0,0.877,3.569
1759820502.478,2025-10-07 08:01:42.477,0.0945,0.0247,0.8694,2.4962,-0.3969,-2.6336,40.2,0,,False,False,1.0,0.875,3.65
1759820502.613,2025-10-07 08:01:42.613,0.0935,0.0259,0.8694,2.4962,-0.1985,-2.4962,40.15,0,,False,False,1.0,0.875,3.536
1759820502.764,2025-10-07 08:01:42.764,0.0923,0.0229,0.877,2.6565,-0.3817,-2.7176,40.2,0,,False,False,1.0,0.882,3.819
1759820502.916,2025-10-07 08:01:42.915,0.0938,0.0237,0.873,2.4733,-0.3359,-2.8626,40.15,0,,False,False,1.0,0.878,3.798
1759820503.074,2025-10-07 08:01:43.073,0.092,0.0249,0.8679,2.3053,-0.0763,-2.6947,40.25,0,,False,False,1.0,0.873,3.547
1759820503.209,2025-10-07 08:01:43.208,0.0901,0.0256,0.8708,2.6718,0.0076,-2.4962,40.2,0,,False,False,1.0,0.876,3.656
1759820503.36,2025-10-07 08:01:43.360,0.0918,0.0208,0.8831,2.542,-0.084,-2.4275,40.34,0,,False,False,1.0,0.888,3.516
1759820503.518,2025-10-07 08:01:43.518,0.0918,0.0217,0.8733,2.5038,-0.0916,-2.8015,40.2,0,,False,False,1.0,0.878,3.758
1759820503.653,2025-10-07 08:01:43.653,0.0962,0.0242,0.8662,2.8397,0.1069,-2.6107,40.34,0,,False,False,1.0,0.872,3.859
1759820503.804,2025-10-07 08:01:43.804,0.094,0.0234,0.8799,2.4656,0.0305,-2.5344,40.06,0,,False,False,1.0,0.885,3.536
1759820503.956,2025-10-07 08:01:43.955,0.094,0.022,0.875,2.4656,-0.084,-2.8931,40.25,0,,False,False,1.0,0.88,3.802
1759820504.143,2025-10-07 08:01:44.143,0.0935,0.0261,0.8765,2.5954,-0.2595,-2.4733,40.25,0,,False,False,1.0,0.882,3.595
1759820504.323,2025-10-07 08:01:44.323,0.0967,0.0264,0.8728,2.687,-0.1756,-2.8702,40.15,0,,False,False,1.0,0.879,3.936
1759820504.511,2025-10-07 08:01:44.511,0.093,0.0242,0.876,2.6565,-0.1908,-2.7863,40.15,0,,False,False,1.0,0.881,3.854
1759820504.69,2025-10-07 08:01:44.690,0.092,0.0232,0.8679,2.4275,-0.0458,-2.8015,40.15,0,,False,False,1.0,0.873,3.707
1759820504.877,2025-10-07 08:01:44.876,0.0955,0.0229,0.8794,2.7023,-0.1298,-2.6412,40.34,0,,False,False,1.0,0.885,3.781
1759820505.035,2025-10-07 08:01:45.035,0.0938,0.0234,0.8713,2.3969,-0.2137,-2.5954,40.25,0,,False,False,1.0,0.877,3.539
1759820505.17,2025-10-07 08:01:45.169,0.094,0.0256,0.8833,2.5496,-0.1298,-2.4809,40.2,0,,False,False,1.0,0.889,3.56
1759820505.321,2025-10-07 08:01:45.321,0.0942,0.0247,0.8726,2.4885,-0.2519,-2.687,40.34,0,,False,False,1.0,0.878,3.671
1759820505.479,2025-10-07 08:01:45.479,0.0884,0.0256,0.8816,2.3359,-0.0992,-2.5878,39.92,0,,False,False,1.0,0.886,3.488
1759820505.614,2025-10-07 08:01:45.614,0.0938,0.0203,0.8772,2.4351,-0.2137,-2.6412,40.06,0,,False,False,1.0,0.882,3.599
1759820505.765,2025-10-07 08:01:45.764,0.0942,0.0227,0.8708,2.4809,-0.0763,-2.8473,40.25,0,,False,False,1.0,0.876,3.777
1759820505.917,2025-10-07 08:01:45.916,0.0945,0.0215,0.8789,2.5573,-0.0763,-2.687,40.25,0,,False,False,1.0,0.884,3.71
1759820506.075,2025-10-07 08:01:46.074,0.0969,0.0215,0.8701,2.374,0.1374,-2.5573,40.15,0,,False,False,1.0,0.876,3.492
1759820506.209,2025-10-07 08:01:46.209,0.0908,0.0239,0.8796,2.4885,-0.4275,-2.8626,40.06,0,,False,False,1.0,0.885,3.817
1759820506.361,2025-10-07 08:01:46.361,0.095,0.0229,0.8777,2.4275,0.0153,-2.7557,40.2,0,,False,False,1.0,0.883,3.672
1759820506.519,2025-10-07 08:01:46.519,0.0945,0.0237,0.8718,2.2366,-0.1908,-2.771,40.15,0,,False,False,1.0,0.877,3.566
1759820506.654,2025-10-07 08:01:46.654,0.0942,0.0217,0.8672,2.3817,-0.1221,-2.687,40.34,0,,False,False,1.0,0.873,3.593
1759820506.806,2025-10-07 08:01:46.805,0.0906,0.0212,0.8645,2.2595,-0.1069,-2.6565,40.06,0,,False,False,1.0,0.869,3.489
1759820506.957,2025-10-07 08:01:46.957,0.0977,0.0244,0.874,2.229,-0.0916,-2.5496,40.06,0,,False,False,1.0,0.88,3.388
1759820507.116,2025-10-07 08:01:47.115,0.0928,0.0222,0.877,2.5725,-0.0611,-2.7099,40.25,0,,False,False,1.0,0.882,3.737
1759820507.265,2025-10-07 08:01:47.265,0.095,0.0273,0.8706,2.7252,-0.0153,-2.7252,40.2,0,,False,False,1.0,0.876,3.854
1759820507.409,2025-10-07 08:01:47.408,0.0972,0.0247,0.8711,2.4733,0.1298,-2.9695,40.25,0,,False,False,1.0,0.877,3.867
1759820507.56,2025-10-07 08:01:47.560,0.0911,0.0225,0.8789,2.3817,-0.1221,-2.6336,40.06,0,,False,False,1.0,0.884,3.553
1759820507.719,2025-10-07 08:01:47.718,0.0906,0.0212,0.8696,2.4809,-0.2672,-2.6489,40.06,0,,False,False,0.99,0.875,3.639
1759820507.854,2025-10-07 08:01:47.853,0.0916,0.0229,0.8792,2.3588,-0.3206,-2.7328,40.25,0,,False,False,1.0,0.884,3.624
1759820508.005,2025-10-07 08:01:48.004,0.0947,0.0266,0.8726,2.5267,-0.3282,-2.8244,40.15,0,,False,False,1.0,0.878,3.804
1759820508.156,2025-10-07 08:01:48.156,0.0933,0.0234,0.8645,2.4427,-0.1374,-2.8244,40.2,0,,False,False,1.0,0.87,3.737
1759820508.315,2025-10-07 08:01:48.314,0.0947,0.0242,0.8699,2.3664,0.0534,-2.6489,40.25,0,,False,False,1.0,0.875,3.552
1759820508.449,2025-10-07 08:01:48.449,0.0935,0.0249,0.8684,2.5573,-0.1908,-2.8397,40.39,0,,False,False,1.0,0.874,3.826
1759820508.601,2025-10-07 08:01:48.600,0.0942,0.0234,0.8713,2.3359,-0.1832,-2.6489,40.25,0,,False,False,1.0,0.877,3.536
1759820508.759,2025-10-07 08:01:48.759,0.093,0.0242,0.8701,2.3893,-0.1603,-2.7863,40.2,0,,False,False,1.0,0.875,3.674
1759820508.894,2025-10-07 08:01:48.894,0.0933,0.0249,0.8667,2.2748,-0.4122,-2.4198,40.25,0,,False,False,1.0,0.872,3.347
1759820509.045,2025-10-07 08:01:49.045,0.0923,0.0227,0.8723,2.9618,-0.1985,-2.5496,40.34,0,,False,False,1.0,0.877,3.913
1759820509.197,2025-10-07 08:01:49.196,0.0918,0.0205,0.8794,2.5344,-0.2901,-2.8779,40.25,0,,False,False,1.0,0.884,3.846
1759820509.355,2025-10-07 08:01:49.354,0.0942,0.0173,0.874,2.2901,-0.3817,-2.7405,40.06,0,,False,False,1.0,0.879,3.592
1759820509.49,2025-10-07 08:01:49.490,0.0947,0.0217,0.8757,2.313,-0.1069,-2.7405,40.15,0,,False,False,1.0,0.881,3.588
1759820509.641,2025-10-07 08:01:49.641,0.0947,0.0208,0.8801,2.5802,0.0458,-2.6412,40.2,0,,False,False,1.0,0.885,3.693
1759820509.793,2025-10-07 08:01:49.793,0.0938,0.0188,0.876,2.4275,-0.1298,-2.855,40.15,0,,False,False,1.0,0.881,3.75
1759820509.981,2025-10-07 08:01:49.981,0.095,0.0229,0.874,2.5573,-0.1069,-2.6412,40.25,0,,False,False,1.0,0.879,3.678
1759820510.161,2025-10-07 08:01:50.160,0.0916,0.0239,0.8652,2.2672,-0.1756,-2.626,40.34,0,,False,False,1.0,0.87,3.474
1759820510.319,2025-10-07 08:01:50.319,0.0964,0.0276,0.8762,2.3359,-0.0687,-2.5573,40.15,0,,False,False,1.0,0.882,3.464
1759820510.478,2025-10-07 08:01:50.477,0.0906,0.0222,0.8699,2.4351,-0.2137,-2.6718,40.25,0,,False,False,1.0,0.875,3.621
1759820510.613,2025-10-07 08:01:50.612,0.0886,0.0254,0.8716,2.5954,-0.1832,-2.7099,40.01,0,,False,False,1.0,0.876,3.757
1759820510.765,2025-10-07 08:01:50.764,0.0935,0.0198,0.8767,2.374,-0.1145,-2.771,40.39,0,,False,False,1.0,0.882,3.651
1759820510.916,2025-10-07 08:01:50.916,0.0935,0.022,0.8762,2.6031,-0.2977,-2.8321,40.39,0,,False,False,1.0,0.881,3.858
1759820511.075,2025-10-07 08:01:51.074,0.0923,0.0234,0.8772,2.5496,-0.0611,-2.7176,39.92,0,,False,False,1.0,0.882,3.727
1759820511.21,2025-10-07 08:01:51.209,0.0947,0.0227,0.8726,2.4198,0.0153,-2.3969,40.34,0,,False,False,1.0,0.878,3.406
1759820511.369,2025-10-07 08:01:51.368,0.0942,0.0259,0.8674,2.5649,-0.2519,-2.8321,40.15,0,,False,False,1.0,0.873,3.829
1759820511.521,2025-10-07 08:01:51.521,0.0906,0.0244,0.8711,2.3588,-0.2214,-2.5573,40.15,0,,False,False,1.0,0.876,3.486
1759820511.672,2025-10-07 08:01:51.672,0.0964,0.0242,0.8752,2.6336,-0.2366,-2.6183,40.2,0,,False,False,1.0,0.881,3.721
1759820511.831,2025-10-07 08:01:51.830,0.0925,0.0232,0.8799,2.5267,-0.229,-2.8626,40.2,0,,False,False,1.0,0.885,3.825
1759820511.966,2025-10-07 08:01:51.965,0.0879,0.0215,0.8521,2.3817,0.2061,-2.6412,40.34,0,,False,False,1.0,0.857,3.562
1759820512.117,2025-10-07 08:01:52.117,0.0991,0.0276,0.8992,2.2519,0.4427,-2.7176,39.92,0,,False,False,1.0,0.905,3.557
1759820512.276,2025-10-07 08:01:52.275,0.0933,0.0232,0.8755,2.3435,-0.0763,-2.6489,40.25,0,,False,False,1.0,0.881,3.538
1759820512.411,2025-10-07 08:01:52.410,0.0945,0.0205,0.8701,2.5954,-0.0153,-2.9542,40.06,0,,False,False,1.0,0.875,3.932
1759820512.562,2025-10-07 08:01:52.562,0.0942,0.0208,0.8706,2.7863,-0.6489,-2.8779,40.25,0,,False,False,1.0,0.876,4.058
1759820512.716,2025-10-07 08:01:52.715,0.0923,0.0227,0.8679,2.5878,-0.4198,-2.5038,40.25,0,,False,False,1.0,0.873,3.625
1759820512.874,2025-10-07 08:01:52.874,0.0918,0.0229,0.8691,2.5573,-0.3817,-2.5878,40.15,0,,False,False,0.99,0.874,3.658
1759820513.081,2025-10-07 08:01:53.080,0.0918,0.0217,0.8745,2.2672,-0.0687,-2.6489,40.25,0,,False,False,1.0,0.88,3.487
1759820513.338,2025-10-07 08:01:53.337,0.0894,0.0251,0.8733,2.313,0.0687,-2.5267,40.39,0,,False,False,1.0,0.878,3.426
1759820513.58,2025-10-07 08:01:53.580,0.095,0.0203,0.8735,2.3893,-0.0992,-2.6107,40.15,0,,False,False,1.0,0.879,3.54
1759820513.879,2025-10-07 08:01:53.878,0.0974,0.0254,0.8687,2.2595,-0.0687,-2.542,40.34,0,,False,False,0.99,0.875,3.402
1759820514.05,2025-10-07 08:01:54.050,0.0952,0.0232,0.8752,2.5115,-0.1832,-2.6031,40.15,0,,False,False,1.0,0.881,3.622
1759820514.204,2025-10-07 08:01:54.203,0.0945,0.02,0.8755,2.6947,-0.0916,-2.5878,40.2,0,,False,False,1.0,0.881,3.737
1759820514.362,2025-10-07 08:01:54.361,0.0942,0.0205,0.8701,2.229,-0.1832,-2.7863,40.25,0,,False,False,1.0,0.875,3.573
1759820514.532,2025-10-07 08:01:54.531,0.0959,0.0193,0.8655,2.3511,-0.1145,-2.7328,40.06,0,,False,False,1.0,0.871,3.607
1759820514.695,2025-10-07 08:01:54.695,0.0959,0.0242,0.8733,2.4809,-0.1603,-2.7939,40.15,0,,False,False,1.0,0.879,3.74
1759820514.844,2025-10-07 08:01:54.843,0.093,0.019,0.8735,2.4504,-0.2519,-2.2672,40.25,0,,False,False,1.0,0.879,3.348
1759820515.043,2025-10-07 08:01:55.043,0.0933,0.0234,0.8755,2.5038,-0.1679,-2.6183,40.25,0,,False,False,1.0,0.881,3.627
1759820515.197,2025-10-07 08:01:55.196,0.0945,0.0234,0.8743,2.4885,-0.2672,-2.7405,40.25,0,,False,False,1.0,0.88,3.711
1759820515.355,2025-10-07 08:01:55.355,0.0906,0.0222,0.8682,2.5038,-0.2443,-2.687,39.92,0,,False,False,1.0,0.873,3.681
1759820515.528,2025-10-07 08:01:55.528,0.0945,0.0217,0.8745,2.5115,-0.1679,-2.5496,40.06,0,,False,False,1.0,0.88,3.583
1759820515.715,2025-10-07 08:01:55.715,0.094,0.0264,0.876,2.5649,-0.2672,-2.6412,40.44,0,,False,False,1.0,0.881,3.691
1759820515.909,2025-10-07 08:01:55.908,0.0889,0.0251,0.8696,2.2824,-0.1603,-2.8092,39.92,0,,False,False,0.99,0.874,3.623
1759820516.073,2025-10-07 08:01:56.072,0.0959,0.022,0.866,2.3053,-0.1298,-2.6718,40.15,0,,False,False,1.0,0.872,3.531
1759820516.212,2025-10-07 08:01:56.212,0.093,0.0256,0.8772,2.5038,-0.229,-2.6336,40.15,0,,False,False,1.0,0.882,3.641
1759820516.369,2025-10-07 08:01:56.369,0.0942,0.0281,0.8738,2.6718,-0.3206,-2.6947,40.06,0,,False,False,1.0,0.879,3.808
1759820516.525,2025-10-07 08:01:56.525,0.0947,0.0229,0.8743,2.4962,-0.4427,-2.5267,40.15,0,,False,False,1.0,0.88,3.579
1759820516.681,2025-10-07 08:01:56.681,0.0923,0.0212,0.875,2.3053,-0.1985,-2.458,40.25,0,,False,False,1.0,0.88,3.376
1759820516.837,2025-10-07 08:01:56.836,0.0901,0.022,0.8728,2.4046,0.0076,-2.5191,40.06,0,,False,False,1.0,0.878,3.483
1759820516.994,2025-10-07 08:01:56.993,0.0957,0.0249,0.8877,2.5038,-0.5496,-2.9466,40.34,0,,False,False,1.0,0.893,3.906
1759820517.155,2025-10-07 08:01:57.155,0.095,0.0222,0.8774,2.3588,-0.2137,-2.3206,40.25,0,,False,False,1.0,0.883,3.316
1759820517.303,2025-10-07 08:01:57.302,0.0967,0.0217,0.8765,2.5954,-0.1145,-2.7557,40.15,0,,False,False,1.0,0.882,3.787
1759820517.456,2025-10-07 08:01:57.456,0.092,0.0198,0.8716,2.687,-0.1527,-2.6412,40.25,0,,False,False,1.0,0.877,3.771
1759820517.608,2025-10-07 08:01:57.608,0.0928,0.0198,0.8701,2.5802,-0.3282,-2.7099,40.34,0,,False,False,1.0,0.875,3.756
1759820517.759,2025-10-07 08:01:57.759,0.0938,0.021,0.8794,2.5954,-0.2519,-2.6565,40.34,0,,False,False,1.0,0.885,3.722
1759820517.911,2025-10-07 08:01:57.910,0.0942,0.0203,0.8767,2.3664,-0.0382,-2.8779,40.34,0,,False,False,1.0,0.882,3.726
1759820518.069,2025-10-07 08:01:58.068,0.0908,0.0195,0.8882,2.3664,-0.0611,-2.8626,40.34,0,,False,False,1.0,0.893,3.715
1759820518.204,2025-10-07 08:01:58.203,0.0896,0.0232,0.876,2.2824,-0.313,-2.7786,40.34,0,,False,False,1.0,0.881,3.609
1759820518.362,2025-10-07 08:01:58.361,0.0942,0.02,0.8706,2.626,-0.2748,-2.5649,40.39,0,,False,False,1.0,0.876,3.681
1759820518.513,2025-10-07 08:01:58.513,0.0906,0.0239,0.8696,2.4504,-0.1298,-2.7405,40.06,0,,False,False,0.99,0.875,3.679
1759820518.671,2025-10-07 08:01:58.671,0.0959,0.0234,0.8738,2.4733,-0.1527,-2.687,40.15,0,,False,False,1.0,0.879,3.655
1759820518.807,2025-10-07 08:01:58.806,0.0942,0.0229,0.873,2.5649,-0.1298,-2.7099,40.06,0,,False,False,1.0,0.878,3.734
1759820518.958,2025-10-07 08:01:58.958,0.092,0.0237,0.8765,2.4962,-0.1603,-2.6183,40.06,0,,False,False,0.99,0.882,3.621
1759820519.113,2025-10-07 08:01:59.112,0.0964,0.0225,0.8748,2.3664,0.0534,-2.916,40.25,0,,False,False,1.0,0.88,3.756
1759820519.271,2025-10-07 08:01:59.271,0.0986,0.0227,0.8716,2.5878,-0.0611,-2.7634,40.25,0,,False,False,1.0,0.877,3.786
1759820519.407,2025-10-07 08:01:59.406,0.0942,0.0232,0.8718,2.458,-0.1069,-2.4656,40.34,0,,False,False,1.0,0.877,3.483
1759820519.558,2025-10-07 08:01:59.558,0.0942,0.0244,0.8711,2.3206,-0.1069,-2.7176,40.25,0,,False,False,1.0,0.877,3.575
1759820519.71,2025-10-07 08:01:59.710,0.0957,0.0261,0.8679,2.6336,-0.1832,-2.6641,40.15,0,,False,False,1.0,0.874,3.751
1759820519.868,2025-10-07 08:01:59.868,0.0945,0.021,0.8813,2.4962,-0.2443,-2.6412,40.25,0,,False,False,1.0,0.887,3.642
1759820520.003,2025-10-07 08:02:00.003,0.092,0.0237,0.8684,2.4733,-0.1069,-2.6565,40.25,0,,False,False,1.0,0.874,3.631
1759820520.158,2025-10-07 08:02:00.158,0.0908,0.0217,0.8782,2.4809,-0.0611,-2.687,40.06,0,,False,False,1.0,0.883,3.658
1759820520.31,2025-10-07 08:02:00.309,0.0959,0.0251,0.8726,2.458,-0.374,-2.5725,40.25,0,,False,False,1.0,0.878,3.578
1759820520.468,2025-10-07 08:02:00.468,0.0898,0.0242,0.8743,2.2443,0.1832,-2.6031,40.34,0,,False,False,1.0,0.879,3.442
1759820520.603,2025-10-07 08:02:00.603,0.0967,0.0229,0.8862,2.2901,-0.3511,-2.6794,40.44,0,,False,False,1.0,0.892,3.542
1759820520.755,2025-10-07 08:02:00.755,0.0923,0.0205,0.8696,2.4656,0.0534,-2.771,40.06,0,,False,False,1.0,0.875,3.71
1759820520.914,2025-10-07 08:02:00.913,0.0947,0.0222,0.874,2.2748,0.0305,-2.5954,40.25,0,,False,False,1.0,0.879,3.451
1759820521.084,2025-10-07 08:02:01.084,0.0923,0.0239,0.873,2.4809,-0.0611,-2.7176,40.2,0,,False,False,1.0,0.878,3.68
1759820521.282,2025-10-07 08:02:01.281,0.0933,0.0242,0.8726,2.5725,-0.2366,-2.4809,40.34,0,,False,False,1.0,0.878,3.582
1759820521.476,2025-10-07 08:02:01.475,0.095,0.0234,0.8806,2.4198,-0.0229,-2.9542,40.15,0,,False,False,1.0,0.886,3.819
1759820521.664,2025-10-07 08:02:01.664,0.0874,0.0215,0.8767,2.3893,-0.1221,-2.5954,40.39,0,,False,False,1.0,0.881,3.53
1759820521.84,2025-10-07 08:02:01.839,0.0906,0.0227,0.8738,2.313,-0.0382,-2.7939,40.34,0,,False,False,1.0,0.879,3.627
1759820522.029,2025-10-07 08:02:02.029,0.0959,0.0259,0.8735,2.5802,-0.374,-2.6947,40.2,0,,False,False,1.0,0.879,3.749
1759820522.191,2025-10-07 08:02:02.191,0.0891,0.0278,0.877,2.5802,-0.4275,-2.6641,40.39,0,,False,False,1.0,0.882,3.733
1759820522.347,2025-10-07 08:02:02.346,0.0928,0.0249,0.876,2.458,-0.2748,-2.6489,40.34,0,,False,False,1.0,0.881,3.624
1759820522.616,2025-10-07 08:02:02.616,0.0898,0.0222,0.8704,2.4809,-0.0534,-2.8473,40.01,0,,False,False,1.0,0.875,3.777
1759820522.813,2025-10-07 08:02:02.812,0.0898,0.0215,0.8796,2.1832,0.0382,-2.7863,40.25,0,,False,False,1.0,0.884,3.54
1759820522.957,2025-10-07 08:02:02.956,0.0928,0.0293,0.866,2.4885,-0.2137,-2.6412,40.44,0,,False,False,1.0,0.871,3.635
1759820523.109,2025-10-07 08:02:03.108,0.0959,0.0281,0.863,2.5038,-0.1145,-2.5878,40.25,0,,False,False,1.0,0.869,3.603
1759820523.266,2025-10-07 08:02:03.265,0.093,0.0232,0.8848,2.3588,-0.1985,-2.7176,40.25,0,,False,False,1.0,0.89,3.604
1759820523.424,2025-10-07 08:02:03.424,0.0957,0.021,0.874,2.4962,-0.4504,-2.6565,40.25,0,,False,False,1.0,0.879,3.673
1759820523.56,2025-10-07 08:02:03.559,0.0901,0.0208,0.876,2.5038,-0.0305,-2.7252,40.15,0,,False,False,1.0,0.881,3.701
1759820523.712,2025-10-07 08:02:03.711,0.0894,0.0249,0.8704,2.6565,-0.2443,-2.7252,40.2,0,,False,False,1.0,0.875,3.814
1759820523.872,2025-10-07 08:02:03.872,0.0925,0.0212,0.877,2.4504,-0.1221,-2.8473,40.34,0,,False,False,1.0,0.882,3.759
